<?xml version="1.0" encoding="UTF-8"?>
<gpx creator="StravaGPX" version="1.1" xmlns="http://www.topografix.com/GPX/1/1" xmlns:xsi="http://www.w3.org/2001/XMLSchema-instance" xsi:schemaLocation="http://www.topografix.com/GPX/1/1 http://www.topografix.com/GPX/1/1/gpx.xsd">
 <metadata>
  <time>2026-01-22T22:32:21Z</time>
 </metadata>
 <trk>
  <name>Corrida ao entardecer</name>
  <type>running</type>
  <trkseg>
   <trkpt lat="-8.0553260" lon="-34.9557900">
    <ele>15.3</ele>
    <time>2026-01-22T22:32:21Z</time>
   </trkpt>
   <trkpt lat="-8.0553240" lon="-34.9557940">
    <ele>15.3</ele>
    <time>2026-01-22T22:32:22Z</time>
   </trkpt>
   <trkpt lat="-8.0553240" lon="-34.9557960">
    <ele>15.3</ele>
    <time>2026-01-22T22:32:23Z</time>
   </trkpt>
   <trkpt lat="-8.0553230" lon="-34.9558000">
    <ele>15.3</ele>
    <time>2026-01-22T22:32:24Z</time>
   </trkpt>
   <trkpt lat="-8.0553210" lon="-34.9557970">
    <ele>15.3</ele>
    <time>2026-01-22T22:32:25Z</time>
   </trkpt>
   <trkpt lat="-8.0553230" lon="-34.9557950">
    <ele>15.3</ele>
    <time>2026-01-22T22:32:26Z</time>
   </trkpt>
   <trkpt lat="-8.0553180" lon="-34.9557890">
    <ele>15.3</ele>
    <time>2026-01-22T22:32:27Z</time>
   </trkpt>
   <trkpt lat="-8.0553110" lon="-34.9557810">
    <ele>15.3</ele>
    <time>2026-01-22T22:32:28Z</time>
   </trkpt>
   <trkpt lat="-8.0553040" lon="-34.9557730">
    <ele>15.3</ele>
    <time>2026-01-22T22:32:29Z</time>
   </trkpt>
   <trkpt lat="-8.0553030" lon="-34.9557710">
    <ele>15.3</ele>
    <time>2026-01-22T22:32:30Z</time>
   </trkpt>
   <trkpt lat="-8.0552970" lon="-34.9557600">
    <ele>15.3</ele>
    <time>2026-01-22T22:32:31Z</time>
   </trkpt>
   <trkpt lat="-8.0552990" lon="-34.9557540">
    <ele>15.3</ele>
    <time>2026-01-22T22:32:32Z</time>
   </trkpt>
   <trkpt lat="-8.0553000" lon="-34.9557470">
    <ele>15.3</ele>
    <time>2026-01-22T22:32:33Z</time>
   </trkpt>
   <trkpt lat="-8.0553020" lon="-34.9557410">
    <ele>15.3</ele>
    <time>2026-01-22T22:32:34Z</time>
   </trkpt>
   <trkpt lat="-8.0553040" lon="-34.9557340">
    <ele>15.3</ele>
    <time>2026-01-22T22:32:35Z</time>
   </trkpt>
   <trkpt lat="-8.0553030" lon="-34.9557250">
    <ele>15.3</ele>
    <time>2026-01-22T22:32:36Z</time>
   </trkpt>
   <trkpt lat="-8.0553030" lon="-34.9557170">
    <ele>15.3</ele>
    <time>2026-01-22T22:32:37Z</time>
   </trkpt>
   <trkpt lat="-8.0553040" lon="-34.9557080">
    <ele>15.3</ele>
    <time>2026-01-22T22:32:38Z</time>
   </trkpt>
   <trkpt lat="-8.0553040" lon="-34.9556990">
    <ele>15.3</ele>
    <time>2026-01-22T22:32:39Z</time>
   </trkpt>
   <trkpt lat="-8.0553110" lon="-34.9556700">
    <ele>15.3</ele>
    <time>2026-01-22T22:32:40Z</time>
   </trkpt>
   <trkpt lat="-8.0553130" lon="-34.9556610">
    <ele>15.3</ele>
    <time>2026-01-22T22:32:41Z</time>
   </trkpt>
   <trkpt lat="-8.0553160" lon="-34.9556520">
    <ele>15.3</ele>
    <time>2026-01-22T22:32:42Z</time>
   </trkpt>
   <trkpt lat="-8.0553200" lon="-34.9556460">
    <ele>15.3</ele>
    <time>2026-01-22T22:32:43Z</time>
   </trkpt>
   <trkpt lat="-8.0553250" lon="-34.9556400">
    <ele>15.3</ele>
    <time>2026-01-22T22:32:44Z</time>
   </trkpt>
   <trkpt lat="-8.0553300" lon="-34.9556350">
    <ele>15.3</ele>
    <time>2026-01-22T22:32:45Z</time>
   </trkpt>
   <trkpt lat="-8.0553360" lon="-34.9556350">
    <ele>15.3</ele>
    <time>2026-01-22T22:32:46Z</time>
   </trkpt>
   <trkpt lat="-8.0553380" lon="-34.9556370">
    <ele>15.3</ele>
    <time>2026-01-22T22:32:47Z</time>
   </trkpt>
   <trkpt lat="-8.0553390" lon="-34.9556410">
    <ele>15.3</ele>
    <time>2026-01-22T22:32:48Z</time>
   </trkpt>
   <trkpt lat="-8.0553400" lon="-34.9556470">
    <ele>15.3</ele>
    <time>2026-01-22T22:32:49Z</time>
   </trkpt>
   <trkpt lat="-8.0553440" lon="-34.9556530">
    <ele>15.3</ele>
    <time>2026-01-22T22:32:50Z</time>
   </trkpt>
   <trkpt lat="-8.0553450" lon="-34.9556540">
    <ele>15.3</ele>
    <time>2026-01-22T22:32:51Z</time>
   </trkpt>
   <trkpt lat="-8.0553470" lon="-34.9556560">
    <ele>15.3</ele>
    <time>2026-01-22T22:32:52Z</time>
   </trkpt>
   <trkpt lat="-8.0553490" lon="-34.9556560">
    <ele>15.3</ele>
    <time>2026-01-22T22:32:53Z</time>
   </trkpt>
   <trkpt lat="-8.0553510" lon="-34.9556570">
    <ele>15.3</ele>
    <time>2026-01-22T22:32:54Z</time>
   </trkpt>
   <trkpt lat="-8.0553520" lon="-34.9556580">
    <ele>15.3</ele>
    <time>2026-01-22T22:32:55Z</time>
   </trkpt>
   <trkpt lat="-8.0553530" lon="-34.9556580">
    <ele>15.3</ele>
    <time>2026-01-22T22:32:56Z</time>
   </trkpt>
   <trkpt lat="-8.0553540" lon="-34.9556580">
    <ele>15.3</ele>
    <time>2026-01-22T22:32:57Z</time>
   </trkpt>
   <trkpt lat="-8.0553540" lon="-34.9556590">
    <ele>15.3</ele>
    <time>2026-01-22T22:32:58Z</time>
   </trkpt>
   <trkpt lat="-8.0553540" lon="-34.9556600">
    <ele>15.3</ele>
    <time>2026-01-22T22:32:59Z</time>
   </trkpt>
   <trkpt lat="-8.0553540" lon="-34.9556600">
    <ele>15.3</ele>
    <time>2026-01-22T22:33:00Z</time>
   </trkpt>
   <trkpt lat="-8.0553550" lon="-34.9556600">
    <ele>15.3</ele>
    <time>2026-01-22T22:33:01Z</time>
   </trkpt>
   <trkpt lat="-8.0553550" lon="-34.9556600">
    <ele>15.3</ele>
    <time>2026-01-22T22:33:02Z</time>
   </trkpt>
   <trkpt lat="-8.0553550" lon="-34.9556610">
    <ele>15.3</ele>
    <time>2026-01-22T22:33:03Z</time>
   </trkpt>
   <trkpt lat="-8.0553550" lon="-34.9556610">
    <ele>15.3</ele>
    <time>2026-01-22T22:33:04Z</time>
   </trkpt>
   <trkpt lat="-8.0553550" lon="-34.9556620">
    <ele>15.3</ele>
    <time>2026-01-22T22:33:05Z</time>
   </trkpt>
   <trkpt lat="-8.0553550" lon="-34.9556620">
    <ele>15.3</ele>
    <time>2026-01-22T22:33:06Z</time>
   </trkpt>
   <trkpt lat="-8.0553550" lon="-34.9556620">
    <ele>15.3</ele>
    <time>2026-01-22T22:33:07Z</time>
   </trkpt>
   <trkpt lat="-8.0553630" lon="-34.9556450">
    <ele>15.3</ele>
    <time>2026-01-22T22:33:08Z</time>
   </trkpt>
   <trkpt lat="-8.0553610" lon="-34.9556500">
    <ele>15.3</ele>
    <time>2026-01-22T22:33:09Z</time>
   </trkpt>
   <trkpt lat="-8.0553650" lon="-34.9556360">
    <ele>15.3</ele>
    <time>2026-01-22T22:33:10Z</time>
   </trkpt>
   <trkpt lat="-8.0553660" lon="-34.9556270">
    <ele>15.3</ele>
    <time>2026-01-22T22:33:11Z</time>
   </trkpt>
   <trkpt lat="-8.0553670" lon="-34.9556170">
    <ele>15.3</ele>
    <time>2026-01-22T22:33:12Z</time>
   </trkpt>
   <trkpt lat="-8.0553680" lon="-34.9556090">
    <ele>15.3</ele>
    <time>2026-01-22T22:33:13Z</time>
   </trkpt>
   <trkpt lat="-8.0553680" lon="-34.9556000">
    <ele>15.3</ele>
    <time>2026-01-22T22:33:14Z</time>
   </trkpt>
   <trkpt lat="-8.0553690" lon="-34.9555930">
    <ele>15.3</ele>
    <time>2026-01-22T22:33:15Z</time>
   </trkpt>
   <trkpt lat="-8.0553700" lon="-34.9555830">
    <ele>15.3</ele>
    <time>2026-01-22T22:33:16Z</time>
   </trkpt>
   <trkpt lat="-8.0553710" lon="-34.9555730">
    <ele>15.3</ele>
    <time>2026-01-22T22:33:17Z</time>
   </trkpt>
   <trkpt lat="-8.0553710" lon="-34.9555620">
    <ele>15.3</ele>
    <time>2026-01-22T22:33:18Z</time>
   </trkpt>
   <trkpt lat="-8.0553710" lon="-34.9555350">
    <ele>15.3</ele>
    <time>2026-01-22T22:33:19Z</time>
   </trkpt>
   <trkpt lat="-8.0553710" lon="-34.9555220">
    <ele>15.3</ele>
    <time>2026-01-22T22:33:20Z</time>
   </trkpt>
   <trkpt lat="-8.0553710" lon="-34.9555100">
    <ele>15.3</ele>
    <time>2026-01-22T22:33:21Z</time>
   </trkpt>
   <trkpt lat="-8.0553720" lon="-34.9554970">
    <ele>15.3</ele>
    <time>2026-01-22T22:33:22Z</time>
   </trkpt>
   <trkpt lat="-8.0553740" lon="-34.9554860">
    <ele>15.3</ele>
    <time>2026-01-22T22:33:23Z</time>
   </trkpt>
   <trkpt lat="-8.0553710" lon="-34.9554530">
    <ele>15.3</ele>
    <time>2026-01-22T22:33:24Z</time>
   </trkpt>
   <trkpt lat="-8.0553670" lon="-34.9554330">
    <ele>15.3</ele>
    <time>2026-01-22T22:33:25Z</time>
   </trkpt>
   <trkpt lat="-8.0553560" lon="-34.9553990">
    <ele>15.3</ele>
    <time>2026-01-22T22:33:26Z</time>
   </trkpt>
   <trkpt lat="-8.0553530" lon="-34.9553870">
    <ele>15.3</ele>
    <time>2026-01-22T22:33:27Z</time>
   </trkpt>
   <trkpt lat="-8.0553450" lon="-34.9553510">
    <ele>15.3</ele>
    <time>2026-01-22T22:33:28Z</time>
   </trkpt>
   <trkpt lat="-8.0553420" lon="-34.9553400">
    <ele>15.3</ele>
    <time>2026-01-22T22:33:29Z</time>
   </trkpt>
   <trkpt lat="-8.0553480" lon="-34.9553130">
    <ele>15.3</ele>
    <time>2026-01-22T22:33:30Z</time>
   </trkpt>
   <trkpt lat="-8.0553540" lon="-34.9553050">
    <ele>15.3</ele>
    <time>2026-01-22T22:33:31Z</time>
   </trkpt>
   <trkpt lat="-8.0553700" lon="-34.9552800">
    <ele>15.3</ele>
    <time>2026-01-22T22:33:32Z</time>
   </trkpt>
   <trkpt lat="-8.0553740" lon="-34.9552690">
    <ele>15.3</ele>
    <time>2026-01-22T22:33:33Z</time>
   </trkpt>
   <trkpt lat="-8.0553880" lon="-34.9552370">
    <ele>15.3</ele>
    <time>2026-01-22T22:33:34Z</time>
   </trkpt>
   <trkpt lat="-8.0553940" lon="-34.9552280">
    <ele>15.3</ele>
    <time>2026-01-22T22:33:35Z</time>
   </trkpt>
   <trkpt lat="-8.0554100" lon="-34.9551970">
    <ele>15.3</ele>
    <time>2026-01-22T22:33:36Z</time>
   </trkpt>
   <trkpt lat="-8.0554150" lon="-34.9551880">
    <ele>15.3</ele>
    <time>2026-01-22T22:33:37Z</time>
   </trkpt>
   <trkpt lat="-8.0554280" lon="-34.9551610">
    <ele>15.3</ele>
    <time>2026-01-22T22:33:38Z</time>
   </trkpt>
   <trkpt lat="-8.0554330" lon="-34.9551510">
    <ele>15.3</ele>
    <time>2026-01-22T22:33:39Z</time>
   </trkpt>
   <trkpt lat="-8.0554460" lon="-34.9551240">
    <ele>15.3</ele>
    <time>2026-01-22T22:33:40Z</time>
   </trkpt>
   <trkpt lat="-8.0554490" lon="-34.9551140">
    <ele>15.3</ele>
    <time>2026-01-22T22:33:41Z</time>
   </trkpt>
   <trkpt lat="-8.0554540" lon="-34.9550860">
    <ele>15.3</ele>
    <time>2026-01-22T22:33:42Z</time>
   </trkpt>
   <trkpt lat="-8.0554550" lon="-34.9550750">
    <ele>15.3</ele>
    <time>2026-01-22T22:33:43Z</time>
   </trkpt>
   <trkpt lat="-8.0554540" lon="-34.9550600">
    <ele>15.3</ele>
    <time>2026-01-22T22:33:44Z</time>
   </trkpt>
   <trkpt lat="-8.0554500" lon="-34.9550450">
    <ele>15.3</ele>
    <time>2026-01-22T22:33:45Z</time>
   </trkpt>
   <trkpt lat="-8.0554450" lon="-34.9550320">
    <ele>15.3</ele>
    <time>2026-01-22T22:33:46Z</time>
   </trkpt>
   <trkpt lat="-8.0554430" lon="-34.9550170">
    <ele>15.3</ele>
    <time>2026-01-22T22:33:47Z</time>
   </trkpt>
   <trkpt lat="-8.0554430" lon="-34.9550020">
    <ele>15.3</ele>
    <time>2026-01-22T22:33:48Z</time>
   </trkpt>
   <trkpt lat="-8.0554440" lon="-34.9549890">
    <ele>15.3</ele>
    <time>2026-01-22T22:33:49Z</time>
   </trkpt>
   <trkpt lat="-8.0554470" lon="-34.9549780">
    <ele>15.3</ele>
    <time>2026-01-22T22:33:50Z</time>
   </trkpt>
   <trkpt lat="-8.0554510" lon="-34.9549600">
    <ele>15.3</ele>
    <time>2026-01-22T22:33:51Z</time>
   </trkpt>
   <trkpt lat="-8.0554520" lon="-34.9549440">
    <ele>15.3</ele>
    <time>2026-01-22T22:33:52Z</time>
   </trkpt>
   <trkpt lat="-8.0554520" lon="-34.9549290">
    <ele>15.2</ele>
    <time>2026-01-22T22:33:53Z</time>
   </trkpt>
   <trkpt lat="-8.0554510" lon="-34.9549130">
    <ele>15.2</ele>
    <time>2026-01-22T22:33:54Z</time>
   </trkpt>
   <trkpt lat="-8.0554500" lon="-34.9548940">
    <ele>15.2</ele>
    <time>2026-01-22T22:33:55Z</time>
   </trkpt>
   <trkpt lat="-8.0554570" lon="-34.9548630">
    <ele>15.2</ele>
    <time>2026-01-22T22:33:56Z</time>
   </trkpt>
   <trkpt lat="-8.0554590" lon="-34.9548510">
    <ele>15.2</ele>
    <time>2026-01-22T22:33:57Z</time>
   </trkpt>
   <trkpt lat="-8.0554710" lon="-34.9548140">
    <ele>15.2</ele>
    <time>2026-01-22T22:33:58Z</time>
   </trkpt>
   <trkpt lat="-8.0554750" lon="-34.9548000">
    <ele>15.2</ele>
    <time>2026-01-22T22:33:59Z</time>
   </trkpt>
   <trkpt lat="-8.0554830" lon="-34.9547730">
    <ele>15.2</ele>
    <time>2026-01-22T22:34:00Z</time>
   </trkpt>
   <trkpt lat="-8.0554900" lon="-34.9547470">
    <ele>15.2</ele>
    <time>2026-01-22T22:34:01Z</time>
   </trkpt>
   <trkpt lat="-8.0555000" lon="-34.9547070">
    <ele>15.2</ele>
    <time>2026-01-22T22:34:02Z</time>
   </trkpt>
   <trkpt lat="-8.0555030" lon="-34.9546920">
    <ele>15.1</ele>
    <time>2026-01-22T22:34:03Z</time>
   </trkpt>
   <trkpt lat="-8.0555110" lon="-34.9546530">
    <ele>15.1</ele>
    <time>2026-01-22T22:34:04Z</time>
   </trkpt>
   <trkpt lat="-8.0555130" lon="-34.9546390">
    <ele>15.1</ele>
    <time>2026-01-22T22:34:05Z</time>
   </trkpt>
   <trkpt lat="-8.0555150" lon="-34.9546110">
    <ele>15.1</ele>
    <time>2026-01-22T22:34:06Z</time>
   </trkpt>
   <trkpt lat="-8.0555160" lon="-34.9545750">
    <ele>15.1</ele>
    <time>2026-01-22T22:34:07Z</time>
   </trkpt>
   <trkpt lat="-8.0555170" lon="-34.9545630">
    <ele>15.1</ele>
    <time>2026-01-22T22:34:08Z</time>
   </trkpt>
   <trkpt lat="-8.0555200" lon="-34.9545260">
    <ele>15.1</ele>
    <time>2026-01-22T22:34:09Z</time>
   </trkpt>
   <trkpt lat="-8.0555210" lon="-34.9545140">
    <ele>15.1</ele>
    <time>2026-01-22T22:34:10Z</time>
   </trkpt>
   <trkpt lat="-8.0555220" lon="-34.9544760">
    <ele>15.1</ele>
    <time>2026-01-22T22:34:11Z</time>
   </trkpt>
   <trkpt lat="-8.0555230" lon="-34.9544630">
    <ele>15.1</ele>
    <time>2026-01-22T22:34:12Z</time>
   </trkpt>
   <trkpt lat="-8.0555260" lon="-34.9544300">
    <ele>15.1</ele>
    <time>2026-01-22T22:34:13Z</time>
   </trkpt>
   <trkpt lat="-8.0555270" lon="-34.9544180">
    <ele>15.1</ele>
    <time>2026-01-22T22:34:14Z</time>
   </trkpt>
   <trkpt lat="-8.0555310" lon="-34.9543850">
    <ele>15.1</ele>
    <time>2026-01-22T22:34:15Z</time>
   </trkpt>
   <trkpt lat="-8.0555320" lon="-34.9543750">
    <ele>15.1</ele>
    <time>2026-01-22T22:34:16Z</time>
   </trkpt>
   <trkpt lat="-8.0555350" lon="-34.9543430">
    <ele>15.1</ele>
    <time>2026-01-22T22:34:17Z</time>
   </trkpt>
   <trkpt lat="-8.0555350" lon="-34.9543330">
    <ele>15.1</ele>
    <time>2026-01-22T22:34:18Z</time>
   </trkpt>
   <trkpt lat="-8.0555350" lon="-34.9543130">
    <ele>15.1</ele>
    <time>2026-01-22T22:34:19Z</time>
   </trkpt>
   <trkpt lat="-8.0555290" lon="-34.9543020">
    <ele>15.1</ele>
    <time>2026-01-22T22:34:20Z</time>
   </trkpt>
   <trkpt lat="-8.0555250" lon="-34.9542860">
    <ele>15.1</ele>
    <time>2026-01-22T22:34:21Z</time>
   </trkpt>
   <trkpt lat="-8.0555250" lon="-34.9542740">
    <ele>15.1</ele>
    <time>2026-01-22T22:34:22Z</time>
   </trkpt>
   <trkpt lat="-8.0555260" lon="-34.9542570">
    <ele>15.1</ele>
    <time>2026-01-22T22:34:23Z</time>
   </trkpt>
   <trkpt lat="-8.0555270" lon="-34.9542390">
    <ele>15.1</ele>
    <time>2026-01-22T22:34:24Z</time>
   </trkpt>
   <trkpt lat="-8.0555330" lon="-34.9542050">
    <ele>15.1</ele>
    <time>2026-01-22T22:34:25Z</time>
   </trkpt>
   <trkpt lat="-8.0555360" lon="-34.9541930">
    <ele>15.1</ele>
    <time>2026-01-22T22:34:26Z</time>
   </trkpt>
   <trkpt lat="-8.0555430" lon="-34.9541600">
    <ele>15.1</ele>
    <time>2026-01-22T22:34:27Z</time>
   </trkpt>
   <trkpt lat="-8.0555460" lon="-34.9541480">
    <ele>15.1</ele>
    <time>2026-01-22T22:34:28Z</time>
   </trkpt>
   <trkpt lat="-8.0555530" lon="-34.9541160">
    <ele>15.1</ele>
    <time>2026-01-22T22:34:29Z</time>
   </trkpt>
   <trkpt lat="-8.0555550" lon="-34.9541060">
    <ele>15.1</ele>
    <time>2026-01-22T22:34:30Z</time>
   </trkpt>
   <trkpt lat="-8.0555610" lon="-34.9540750">
    <ele>15.2</ele>
    <time>2026-01-22T22:34:31Z</time>
   </trkpt>
   <trkpt lat="-8.0555630" lon="-34.9540650">
    <ele>15.2</ele>
    <time>2026-01-22T22:34:32Z</time>
   </trkpt>
   <trkpt lat="-8.0555670" lon="-34.9540330">
    <ele>15.2</ele>
    <time>2026-01-22T22:34:33Z</time>
   </trkpt>
   <trkpt lat="-8.0555660" lon="-34.9540220">
    <ele>15.2</ele>
    <time>2026-01-22T22:34:34Z</time>
   </trkpt>
   <trkpt lat="-8.0555570" lon="-34.9539950">
    <ele>15.2</ele>
    <time>2026-01-22T22:34:35Z</time>
   </trkpt>
   <trkpt lat="-8.0555530" lon="-34.9539860">
    <ele>15.2</ele>
    <time>2026-01-22T22:34:36Z</time>
   </trkpt>
   <trkpt lat="-8.0555330" lon="-34.9539630">
    <ele>15.2</ele>
    <time>2026-01-22T22:34:37Z</time>
   </trkpt>
   <trkpt lat="-8.0555250" lon="-34.9539560">
    <ele>15.2</ele>
    <time>2026-01-22T22:34:38Z</time>
   </trkpt>
   <trkpt lat="-8.0554960" lon="-34.9539380">
    <ele>15.2</ele>
    <time>2026-01-22T22:34:39Z</time>
   </trkpt>
   <trkpt lat="-8.0554870" lon="-34.9539310">
    <ele>15.2</ele>
    <time>2026-01-22T22:34:40Z</time>
   </trkpt>
   <trkpt lat="-8.0554670" lon="-34.9538980">
    <ele>15.2</ele>
    <time>2026-01-22T22:34:41Z</time>
   </trkpt>
   <trkpt lat="-8.0554610" lon="-34.9538860">
    <ele>15.2</ele>
    <time>2026-01-22T22:34:42Z</time>
   </trkpt>
   <trkpt lat="-8.0554470" lon="-34.9538590">
    <ele>15.2</ele>
    <time>2026-01-22T22:34:43Z</time>
   </trkpt>
   <trkpt lat="-8.0554420" lon="-34.9538520">
    <ele>15.2</ele>
    <time>2026-01-22T22:34:44Z</time>
   </trkpt>
   <trkpt lat="-8.0554260" lon="-34.9538210">
    <ele>15.2</ele>
    <time>2026-01-22T22:34:45Z</time>
   </trkpt>
   <trkpt lat="-8.0554210" lon="-34.9538110">
    <ele>15.2</ele>
    <time>2026-01-22T22:34:46Z</time>
   </trkpt>
   <trkpt lat="-8.0554000" lon="-34.9537900">
    <ele>15.2</ele>
    <time>2026-01-22T22:34:47Z</time>
   </trkpt>
   <trkpt lat="-8.0553910" lon="-34.9537850">
    <ele>15.2</ele>
    <time>2026-01-22T22:34:48Z</time>
   </trkpt>
   <trkpt lat="-8.0553580" lon="-34.9537870">
    <ele>15.2</ele>
    <time>2026-01-22T22:34:49Z</time>
   </trkpt>
   <trkpt lat="-8.0553450" lon="-34.9537880">
    <ele>15.2</ele>
    <time>2026-01-22T22:34:50Z</time>
   </trkpt>
   <trkpt lat="-8.0553100" lon="-34.9537950">
    <ele>15.2</ele>
    <time>2026-01-22T22:34:51Z</time>
   </trkpt>
   <trkpt lat="-8.0552970" lon="-34.9537970">
    <ele>15.2</ele>
    <time>2026-01-22T22:34:52Z</time>
   </trkpt>
   <trkpt lat="-8.0552660" lon="-34.9538070">
    <ele>15.2</ele>
    <time>2026-01-22T22:34:53Z</time>
   </trkpt>
   <trkpt lat="-8.0552550" lon="-34.9538120">
    <ele>15.1</ele>
    <time>2026-01-22T22:34:54Z</time>
   </trkpt>
   <trkpt lat="-8.0552270" lon="-34.9538250">
    <ele>15.1</ele>
    <time>2026-01-22T22:34:55Z</time>
   </trkpt>
   <trkpt lat="-8.0552170" lon="-34.9538300">
    <ele>15.1</ele>
    <time>2026-01-22T22:34:56Z</time>
   </trkpt>
   <trkpt lat="-8.0551890" lon="-34.9538410">
    <ele>15.1</ele>
    <time>2026-01-22T22:34:57Z</time>
   </trkpt>
   <trkpt lat="-8.0551780" lon="-34.9538440">
    <ele>15.1</ele>
    <time>2026-01-22T22:34:58Z</time>
   </trkpt>
   <trkpt lat="-8.0551510" lon="-34.9538520">
    <ele>15.1</ele>
    <time>2026-01-22T22:34:59Z</time>
   </trkpt>
   <trkpt lat="-8.0551410" lon="-34.9538530">
    <ele>15.1</ele>
    <time>2026-01-22T22:35:00Z</time>
   </trkpt>
   <trkpt lat="-8.0551110" lon="-34.9538530">
    <ele>15.1</ele>
    <time>2026-01-22T22:35:01Z</time>
   </trkpt>
   <trkpt lat="-8.0551020" lon="-34.9538530">
    <ele>15.1</ele>
    <time>2026-01-22T22:35:02Z</time>
   </trkpt>
   <trkpt lat="-8.0550720" lon="-34.9538460">
    <ele>15.1</ele>
    <time>2026-01-22T22:35:03Z</time>
   </trkpt>
   <trkpt lat="-8.0550620" lon="-34.9538430">
    <ele>15.1</ele>
    <time>2026-01-22T22:35:04Z</time>
   </trkpt>
   <trkpt lat="-8.0550320" lon="-34.9538370">
    <ele>15.1</ele>
    <time>2026-01-22T22:35:05Z</time>
   </trkpt>
   <trkpt lat="-8.0550220" lon="-34.9538360">
    <ele>15.1</ele>
    <time>2026-01-22T22:35:06Z</time>
   </trkpt>
   <trkpt lat="-8.0549900" lon="-34.9538320">
    <ele>15.1</ele>
    <time>2026-01-22T22:35:07Z</time>
   </trkpt>
   <trkpt lat="-8.0549810" lon="-34.9538310">
    <ele>15.1</ele>
    <time>2026-01-22T22:35:08Z</time>
   </trkpt>
   <trkpt lat="-8.0549500" lon="-34.9538290">
    <ele>15.1</ele>
    <time>2026-01-22T22:35:09Z</time>
   </trkpt>
   <trkpt lat="-8.0549390" lon="-34.9538290">
    <ele>15.1</ele>
    <time>2026-01-22T22:35:10Z</time>
   </trkpt>
   <trkpt lat="-8.0549090" lon="-34.9538300">
    <ele>15.1</ele>
    <time>2026-01-22T22:35:11Z</time>
   </trkpt>
   <trkpt lat="-8.0548980" lon="-34.9538300">
    <ele>15.1</ele>
    <time>2026-01-22T22:35:12Z</time>
   </trkpt>
   <trkpt lat="-8.0548700" lon="-34.9538320">
    <ele>15.1</ele>
    <time>2026-01-22T22:35:13Z</time>
   </trkpt>
   <trkpt lat="-8.0548590" lon="-34.9538320">
    <ele>15.1</ele>
    <time>2026-01-22T22:35:14Z</time>
   </trkpt>
   <trkpt lat="-8.0548290" lon="-34.9538380">
    <ele>15.1</ele>
    <time>2026-01-22T22:35:15Z</time>
   </trkpt>
   <trkpt lat="-8.0548180" lon="-34.9538410">
    <ele>15.1</ele>
    <time>2026-01-22T22:35:16Z</time>
   </trkpt>
   <trkpt lat="-8.0547830" lon="-34.9538490">
    <ele>15.1</ele>
    <time>2026-01-22T22:35:17Z</time>
   </trkpt>
   <trkpt lat="-8.0547700" lon="-34.9538510">
    <ele>15.1</ele>
    <time>2026-01-22T22:35:18Z</time>
   </trkpt>
   <trkpt lat="-8.0547380" lon="-34.9538580">
    <ele>15.1</ele>
    <time>2026-01-22T22:35:19Z</time>
   </trkpt>
   <trkpt lat="-8.0547280" lon="-34.9538600">
    <ele>15.1</ele>
    <time>2026-01-22T22:35:20Z</time>
   </trkpt>
   <trkpt lat="-8.0546940" lon="-34.9538680">
    <ele>15.1</ele>
    <time>2026-01-22T22:35:21Z</time>
   </trkpt>
   <trkpt lat="-8.0546830" lon="-34.9538700">
    <ele>15.1</ele>
    <time>2026-01-22T22:35:22Z</time>
   </trkpt>
   <trkpt lat="-8.0546530" lon="-34.9538760">
    <ele>15.1</ele>
    <time>2026-01-22T22:35:23Z</time>
   </trkpt>
   <trkpt lat="-8.0546430" lon="-34.9538760">
    <ele>15.1</ele>
    <time>2026-01-22T22:35:24Z</time>
   </trkpt>
   <trkpt lat="-8.0546130" lon="-34.9538700">
    <ele>15.1</ele>
    <time>2026-01-22T22:35:25Z</time>
   </trkpt>
   <trkpt lat="-8.0546030" lon="-34.9538660">
    <ele>15.1</ele>
    <time>2026-01-22T22:35:26Z</time>
   </trkpt>
   <trkpt lat="-8.0545710" lon="-34.9538600">
    <ele>15.1</ele>
    <time>2026-01-22T22:35:27Z</time>
   </trkpt>
   <trkpt lat="-8.0545600" lon="-34.9538580">
    <ele>15.1</ele>
    <time>2026-01-22T22:35:28Z</time>
   </trkpt>
   <trkpt lat="-8.0545320" lon="-34.9538460">
    <ele>15.1</ele>
    <time>2026-01-22T22:35:29Z</time>
   </trkpt>
   <trkpt lat="-8.0545230" lon="-34.9538420">
    <ele>15.1</ele>
    <time>2026-01-22T22:35:30Z</time>
   </trkpt>
   <trkpt lat="-8.0544910" lon="-34.9538340">
    <ele>15.2</ele>
    <time>2026-01-22T22:35:31Z</time>
   </trkpt>
   <trkpt lat="-8.0544800" lon="-34.9538320">
    <ele>15.2</ele>
    <time>2026-01-22T22:35:32Z</time>
   </trkpt>
   <trkpt lat="-8.0544490" lon="-34.9538240">
    <ele>15.2</ele>
    <time>2026-01-22T22:35:33Z</time>
   </trkpt>
   <trkpt lat="-8.0544390" lon="-34.9538210">
    <ele>15.2</ele>
    <time>2026-01-22T22:35:34Z</time>
   </trkpt>
   <trkpt lat="-8.0544120" lon="-34.9538030">
    <ele>15.2</ele>
    <time>2026-01-22T22:35:35Z</time>
   </trkpt>
   <trkpt lat="-8.0544030" lon="-34.9537970">
    <ele>15.2</ele>
    <time>2026-01-22T22:35:36Z</time>
   </trkpt>
   <trkpt lat="-8.0543730" lon="-34.9537860">
    <ele>15.2</ele>
    <time>2026-01-22T22:35:37Z</time>
   </trkpt>
   <trkpt lat="-8.0543620" lon="-34.9537830">
    <ele>15.2</ele>
    <time>2026-01-22T22:35:38Z</time>
   </trkpt>
   <trkpt lat="-8.0543290" lon="-34.9537730">
    <ele>15.2</ele>
    <time>2026-01-22T22:35:39Z</time>
   </trkpt>
   <trkpt lat="-8.0543180" lon="-34.9537700">
    <ele>15.2</ele>
    <time>2026-01-22T22:35:40Z</time>
   </trkpt>
   <trkpt lat="-8.0542850" lon="-34.9537570">
    <ele>15.2</ele>
    <time>2026-01-22T22:35:41Z</time>
   </trkpt>
   <trkpt lat="-8.0542740" lon="-34.9537520">
    <ele>15.3</ele>
    <time>2026-01-22T22:35:42Z</time>
   </trkpt>
   <trkpt lat="-8.0542450" lon="-34.9537440">
    <ele>15.3</ele>
    <time>2026-01-22T22:35:43Z</time>
   </trkpt>
   <trkpt lat="-8.0542350" lon="-34.9537420">
    <ele>15.3</ele>
    <time>2026-01-22T22:35:44Z</time>
   </trkpt>
   <trkpt lat="-8.0542080" lon="-34.9537350">
    <ele>15.3</ele>
    <time>2026-01-22T22:35:45Z</time>
   </trkpt>
   <trkpt lat="-8.0541980" lon="-34.9537330">
    <ele>15.3</ele>
    <time>2026-01-22T22:35:46Z</time>
   </trkpt>
   <trkpt lat="-8.0541710" lon="-34.9537250">
    <ele>15.3</ele>
    <time>2026-01-22T22:35:47Z</time>
   </trkpt>
   <trkpt lat="-8.0541620" lon="-34.9537220">
    <ele>15.3</ele>
    <time>2026-01-22T22:35:48Z</time>
   </trkpt>
   <trkpt lat="-8.0541460" lon="-34.9537110">
    <ele>15.3</ele>
    <time>2026-01-22T22:35:49Z</time>
   </trkpt>
   <trkpt lat="-8.0541300" lon="-34.9537060">
    <ele>15.3</ele>
    <time>2026-01-22T22:35:50Z</time>
   </trkpt>
   <trkpt lat="-8.0541040" lon="-34.9536980">
    <ele>15.3</ele>
    <time>2026-01-22T22:35:51Z</time>
   </trkpt>
   <trkpt lat="-8.0540940" lon="-34.9536960">
    <ele>15.3</ele>
    <time>2026-01-22T22:35:52Z</time>
   </trkpt>
   <trkpt lat="-8.0540630" lon="-34.9536930">
    <ele>15.3</ele>
    <time>2026-01-22T22:35:53Z</time>
   </trkpt>
   <trkpt lat="-8.0540510" lon="-34.9536920">
    <ele>15.3</ele>
    <time>2026-01-22T22:35:54Z</time>
   </trkpt>
   <trkpt lat="-8.0540190" lon="-34.9536880">
    <ele>15.3</ele>
    <time>2026-01-22T22:35:55Z</time>
   </trkpt>
   <trkpt lat="-8.0540060" lon="-34.9536860">
    <ele>15.4</ele>
    <time>2026-01-22T22:35:56Z</time>
   </trkpt>
   <trkpt lat="-8.0539840" lon="-34.9536840">
    <ele>15.4</ele>
    <time>2026-01-22T22:35:57Z</time>
   </trkpt>
   <trkpt lat="-8.0539480" lon="-34.9536790">
    <ele>15.4</ele>
    <time>2026-01-22T22:35:58Z</time>
   </trkpt>
   <trkpt lat="-8.0539360" lon="-34.9536770">
    <ele>15.4</ele>
    <time>2026-01-22T22:35:59Z</time>
   </trkpt>
   <trkpt lat="-8.0539040" lon="-34.9536680">
    <ele>15.4</ele>
    <time>2026-01-22T22:36:00Z</time>
   </trkpt>
   <trkpt lat="-8.0538930" lon="-34.9536650">
    <ele>15.4</ele>
    <time>2026-01-22T22:36:01Z</time>
   </trkpt>
   <trkpt lat="-8.0538630" lon="-34.9536560">
    <ele>15.4</ele>
    <time>2026-01-22T22:36:02Z</time>
   </trkpt>
   <trkpt lat="-8.0538520" lon="-34.9536540">
    <ele>15.4</ele>
    <time>2026-01-22T22:36:03Z</time>
   </trkpt>
   <trkpt lat="-8.0538210" lon="-34.9536510">
    <ele>15.4</ele>
    <time>2026-01-22T22:36:04Z</time>
   </trkpt>
   <trkpt lat="-8.0538090" lon="-34.9536510">
    <ele>15.4</ele>
    <time>2026-01-22T22:36:05Z</time>
   </trkpt>
   <trkpt lat="-8.0537800" lon="-34.9536490">
    <ele>15.4</ele>
    <time>2026-01-22T22:36:06Z</time>
   </trkpt>
   <trkpt lat="-8.0537710" lon="-34.9536490">
    <ele>15.4</ele>
    <time>2026-01-22T22:36:07Z</time>
   </trkpt>
   <trkpt lat="-8.0537430" lon="-34.9536500">
    <ele>15.4</ele>
    <time>2026-01-22T22:36:08Z</time>
   </trkpt>
   <trkpt lat="-8.0537330" lon="-34.9536500">
    <ele>15.4</ele>
    <time>2026-01-22T22:36:09Z</time>
   </trkpt>
   <trkpt lat="-8.0537030" lon="-34.9536470">
    <ele>15.4</ele>
    <time>2026-01-22T22:36:10Z</time>
   </trkpt>
   <trkpt lat="-8.0536940" lon="-34.9536460">
    <ele>15.4</ele>
    <time>2026-01-22T22:36:11Z</time>
   </trkpt>
   <trkpt lat="-8.0536630" lon="-34.9536470">
    <ele>15.4</ele>
    <time>2026-01-22T22:36:12Z</time>
   </trkpt>
   <trkpt lat="-8.0536510" lon="-34.9536480">
    <ele>15.4</ele>
    <time>2026-01-22T22:36:13Z</time>
   </trkpt>
   <trkpt lat="-8.0536190" lon="-34.9536600">
    <ele>15.4</ele>
    <time>2026-01-22T22:36:14Z</time>
   </trkpt>
   <trkpt lat="-8.0536060" lon="-34.9536660">
    <ele>15.4</ele>
    <time>2026-01-22T22:36:15Z</time>
   </trkpt>
   <trkpt lat="-8.0535730" lon="-34.9536780">
    <ele>15.4</ele>
    <time>2026-01-22T22:36:16Z</time>
   </trkpt>
   <trkpt lat="-8.0535620" lon="-34.9536830">
    <ele>15.4</ele>
    <time>2026-01-22T22:36:17Z</time>
   </trkpt>
   <trkpt lat="-8.0535290" lon="-34.9536960">
    <ele>15.4</ele>
    <time>2026-01-22T22:36:18Z</time>
   </trkpt>
   <trkpt lat="-8.0535170" lon="-34.9537000">
    <ele>15.4</ele>
    <time>2026-01-22T22:36:19Z</time>
   </trkpt>
   <trkpt lat="-8.0534860" lon="-34.9537100">
    <ele>15.4</ele>
    <time>2026-01-22T22:36:20Z</time>
   </trkpt>
   <trkpt lat="-8.0534740" lon="-34.9537130">
    <ele>15.4</ele>
    <time>2026-01-22T22:36:21Z</time>
   </trkpt>
   <trkpt lat="-8.0534410" lon="-34.9537170">
    <ele>15.4</ele>
    <time>2026-01-22T22:36:22Z</time>
   </trkpt>
   <trkpt lat="-8.0534300" lon="-34.9537180">
    <ele>15.4</ele>
    <time>2026-01-22T22:36:23Z</time>
   </trkpt>
   <trkpt lat="-8.0533990" lon="-34.9537190">
    <ele>15.4</ele>
    <time>2026-01-22T22:36:24Z</time>
   </trkpt>
   <trkpt lat="-8.0533890" lon="-34.9537190">
    <ele>15.4</ele>
    <time>2026-01-22T22:36:25Z</time>
   </trkpt>
   <trkpt lat="-8.0533570" lon="-34.9537240">
    <ele>15.4</ele>
    <time>2026-01-22T22:36:26Z</time>
   </trkpt>
   <trkpt lat="-8.0533460" lon="-34.9537260">
    <ele>15.4</ele>
    <time>2026-01-22T22:36:27Z</time>
   </trkpt>
   <trkpt lat="-8.0533260" lon="-34.9537280">
    <ele>15.4</ele>
    <time>2026-01-22T22:36:28Z</time>
   </trkpt>
   <trkpt lat="-8.0533100" lon="-34.9537280">
    <ele>15.4</ele>
    <time>2026-01-22T22:36:29Z</time>
   </trkpt>
   <trkpt lat="-8.0532920" lon="-34.9537230">
    <ele>15.4</ele>
    <time>2026-01-22T22:36:30Z</time>
   </trkpt>
   <trkpt lat="-8.0532750" lon="-34.9537200">
    <ele>15.4</ele>
    <time>2026-01-22T22:36:31Z</time>
   </trkpt>
   <trkpt lat="-8.0532580" lon="-34.9537190">
    <ele>15.4</ele>
    <time>2026-01-22T22:36:32Z</time>
   </trkpt>
   <trkpt lat="-8.0532410" lon="-34.9537200">
    <ele>15.4</ele>
    <time>2026-01-22T22:36:33Z</time>
   </trkpt>
   <trkpt lat="-8.0532130" lon="-34.9537190">
    <ele>15.4</ele>
    <time>2026-01-22T22:36:34Z</time>
   </trkpt>
   <trkpt lat="-8.0532040" lon="-34.9537190">
    <ele>15.4</ele>
    <time>2026-01-22T22:36:35Z</time>
   </trkpt>
   <trkpt lat="-8.0531750" lon="-34.9537200">
    <ele>15.4</ele>
    <time>2026-01-22T22:36:36Z</time>
   </trkpt>
   <trkpt lat="-8.0531640" lon="-34.9537200">
    <ele>15.4</ele>
    <time>2026-01-22T22:36:37Z</time>
   </trkpt>
   <trkpt lat="-8.0531310" lon="-34.9537180">
    <ele>15.4</ele>
    <time>2026-01-22T22:36:38Z</time>
   </trkpt>
   <trkpt lat="-8.0531200" lon="-34.9537170">
    <ele>15.4</ele>
    <time>2026-01-22T22:36:39Z</time>
   </trkpt>
   <trkpt lat="-8.0530840" lon="-34.9537090">
    <ele>15.4</ele>
    <time>2026-01-22T22:36:40Z</time>
   </trkpt>
   <trkpt lat="-8.0530740" lon="-34.9537060">
    <ele>15.4</ele>
    <time>2026-01-22T22:36:41Z</time>
   </trkpt>
   <trkpt lat="-8.0530440" lon="-34.9536980">
    <ele>15.4</ele>
    <time>2026-01-22T22:36:42Z</time>
   </trkpt>
   <trkpt lat="-8.0530330" lon="-34.9536960">
    <ele>15.3</ele>
    <time>2026-01-22T22:36:43Z</time>
   </trkpt>
   <trkpt lat="-8.0530040" lon="-34.9537000">
    <ele>15.3</ele>
    <time>2026-01-22T22:36:44Z</time>
   </trkpt>
   <trkpt lat="-8.0529950" lon="-34.9537010">
    <ele>15.3</ele>
    <time>2026-01-22T22:36:45Z</time>
   </trkpt>
   <trkpt lat="-8.0529650" lon="-34.9536990">
    <ele>15.3</ele>
    <time>2026-01-22T22:36:46Z</time>
   </trkpt>
   <trkpt lat="-8.0529560" lon="-34.9536960">
    <ele>15.3</ele>
    <time>2026-01-22T22:36:47Z</time>
   </trkpt>
   <trkpt lat="-8.0529230" lon="-34.9536850">
    <ele>15.3</ele>
    <time>2026-01-22T22:36:48Z</time>
   </trkpt>
   <trkpt lat="-8.0529130" lon="-34.9536820">
    <ele>15.3</ele>
    <time>2026-01-22T22:36:49Z</time>
   </trkpt>
   <trkpt lat="-8.0528810" lon="-34.9536720">
    <ele>15.3</ele>
    <time>2026-01-22T22:36:50Z</time>
   </trkpt>
   <trkpt lat="-8.0528700" lon="-34.9536680">
    <ele>15.3</ele>
    <time>2026-01-22T22:36:51Z</time>
   </trkpt>
   <trkpt lat="-8.0528340" lon="-34.9536590">
    <ele>15.3</ele>
    <time>2026-01-22T22:36:52Z</time>
   </trkpt>
   <trkpt lat="-8.0528200" lon="-34.9536570">
    <ele>15.3</ele>
    <time>2026-01-22T22:36:53Z</time>
   </trkpt>
   <trkpt lat="-8.0527870" lon="-34.9536550">
    <ele>15.4</ele>
    <time>2026-01-22T22:36:54Z</time>
   </trkpt>
   <trkpt lat="-8.0527520" lon="-34.9536550">
    <ele>15.4</ele>
    <time>2026-01-22T22:36:55Z</time>
   </trkpt>
   <trkpt lat="-8.0527400" lon="-34.9536550">
    <ele>15.4</ele>
    <time>2026-01-22T22:36:56Z</time>
   </trkpt>
   <trkpt lat="-8.0527060" lon="-34.9536540">
    <ele>15.4</ele>
    <time>2026-01-22T22:36:57Z</time>
   </trkpt>
   <trkpt lat="-8.0526940" lon="-34.9536530">
    <ele>15.4</ele>
    <time>2026-01-22T22:36:58Z</time>
   </trkpt>
   <trkpt lat="-8.0526550" lon="-34.9536530">
    <ele>15.4</ele>
    <time>2026-01-22T22:36:59Z</time>
   </trkpt>
   <trkpt lat="-8.0526420" lon="-34.9536540">
    <ele>15.4</ele>
    <time>2026-01-22T22:37:00Z</time>
   </trkpt>
   <trkpt lat="-8.0526150" lon="-34.9536580">
    <ele>15.4</ele>
    <time>2026-01-22T22:37:01Z</time>
   </trkpt>
   <trkpt lat="-8.0525880" lon="-34.9536640">
    <ele>15.4</ele>
    <time>2026-01-22T22:37:02Z</time>
   </trkpt>
   <trkpt lat="-8.0525500" lon="-34.9536720">
    <ele>15.4</ele>
    <time>2026-01-22T22:37:03Z</time>
   </trkpt>
   <trkpt lat="-8.0525370" lon="-34.9536730">
    <ele>15.4</ele>
    <time>2026-01-22T22:37:04Z</time>
   </trkpt>
   <trkpt lat="-8.0525020" lon="-34.9536690">
    <ele>15.4</ele>
    <time>2026-01-22T22:37:05Z</time>
   </trkpt>
   <trkpt lat="-8.0524880" lon="-34.9536680">
    <ele>15.4</ele>
    <time>2026-01-22T22:37:06Z</time>
   </trkpt>
   <trkpt lat="-8.0524540" lon="-34.9536590">
    <ele>15.4</ele>
    <time>2026-01-22T22:37:07Z</time>
   </trkpt>
   <trkpt lat="-8.0524420" lon="-34.9536560">
    <ele>15.4</ele>
    <time>2026-01-22T22:37:08Z</time>
   </trkpt>
   <trkpt lat="-8.0524060" lon="-34.9536490">
    <ele>15.4</ele>
    <time>2026-01-22T22:37:09Z</time>
   </trkpt>
   <trkpt lat="-8.0523940" lon="-34.9536470">
    <ele>15.4</ele>
    <time>2026-01-22T22:37:10Z</time>
   </trkpt>
   <trkpt lat="-8.0523590" lon="-34.9536410">
    <ele>15.4</ele>
    <time>2026-01-22T22:37:11Z</time>
   </trkpt>
   <trkpt lat="-8.0523480" lon="-34.9536390">
    <ele>15.4</ele>
    <time>2026-01-22T22:37:12Z</time>
   </trkpt>
   <trkpt lat="-8.0523160" lon="-34.9536270">
    <ele>15.4</ele>
    <time>2026-01-22T22:37:13Z</time>
   </trkpt>
   <trkpt lat="-8.0523060" lon="-34.9536240">
    <ele>15.4</ele>
    <time>2026-01-22T22:37:14Z</time>
   </trkpt>
   <trkpt lat="-8.0522730" lon="-34.9536190">
    <ele>15.4</ele>
    <time>2026-01-22T22:37:15Z</time>
   </trkpt>
   <trkpt lat="-8.0522630" lon="-34.9536170">
    <ele>15.4</ele>
    <time>2026-01-22T22:37:16Z</time>
   </trkpt>
   <trkpt lat="-8.0522410" lon="-34.9536070">
    <ele>15.4</ele>
    <time>2026-01-22T22:37:17Z</time>
   </trkpt>
   <trkpt lat="-8.0522140" lon="-34.9535940">
    <ele>15.4</ele>
    <time>2026-01-22T22:37:19Z</time>
   </trkpt>
   <trkpt lat="-8.0521840" lon="-34.9535820">
    <ele>15.4</ele>
    <time>2026-01-22T22:37:20Z</time>
   </trkpt>
   <trkpt lat="-8.0521560" lon="-34.9535790">
    <ele>15.4</ele>
    <time>2026-01-22T22:37:21Z</time>
   </trkpt>
   <trkpt lat="-8.0521250" lon="-34.9535750">
    <ele>15.4</ele>
    <time>2026-01-22T22:37:22Z</time>
   </trkpt>
   <trkpt lat="-8.0521150" lon="-34.9535740">
    <ele>15.4</ele>
    <time>2026-01-22T22:37:23Z</time>
   </trkpt>
   <trkpt lat="-8.0520830" lon="-34.9535670">
    <ele>15.4</ele>
    <time>2026-01-22T22:37:24Z</time>
   </trkpt>
   <trkpt lat="-8.0520720" lon="-34.9535640">
    <ele>15.4</ele>
    <time>2026-01-22T22:37:25Z</time>
   </trkpt>
   <trkpt lat="-8.0520410" lon="-34.9535550">
    <ele>15.4</ele>
    <time>2026-01-22T22:37:26Z</time>
   </trkpt>
   <trkpt lat="-8.0520310" lon="-34.9535520">
    <ele>15.4</ele>
    <time>2026-01-22T22:37:27Z</time>
   </trkpt>
   <trkpt lat="-8.0520120" lon="-34.9535470">
    <ele>15.4</ele>
    <time>2026-01-22T22:37:28Z</time>
   </trkpt>
   <trkpt lat="-8.0519760" lon="-34.9535390">
    <ele>15.4</ele>
    <time>2026-01-22T22:37:30Z</time>
   </trkpt>
   <trkpt lat="-8.0519480" lon="-34.9535330">
    <ele>15.3</ele>
    <time>2026-01-22T22:37:32Z</time>
   </trkpt>
   <trkpt lat="-8.0519230" lon="-34.9535180">
    <ele>15.3</ele>
    <time>2026-01-22T22:37:33Z</time>
   </trkpt>
   <trkpt lat="-8.0519130" lon="-34.9535140">
    <ele>15.3</ele>
    <time>2026-01-22T22:37:34Z</time>
   </trkpt>
   <trkpt lat="-8.0518870" lon="-34.9535050">
    <ele>15.3</ele>
    <time>2026-01-22T22:37:35Z</time>
   </trkpt>
   <trkpt lat="-8.0518530" lon="-34.9534950">
    <ele>15.3</ele>
    <time>2026-01-22T22:37:36Z</time>
   </trkpt>
   <trkpt lat="-8.0518420" lon="-34.9534930">
    <ele>15.3</ele>
    <time>2026-01-22T22:37:37Z</time>
   </trkpt>
   <trkpt lat="-8.0518080" lon="-34.9534820">
    <ele>15.3</ele>
    <time>2026-01-22T22:37:38Z</time>
   </trkpt>
   <trkpt lat="-8.0517970" lon="-34.9534800">
    <ele>15.3</ele>
    <time>2026-01-22T22:37:39Z</time>
   </trkpt>
   <trkpt lat="-8.0517610" lon="-34.9534730">
    <ele>15.3</ele>
    <time>2026-01-22T22:37:40Z</time>
   </trkpt>
   <trkpt lat="-8.0517490" lon="-34.9534720">
    <ele>15.3</ele>
    <time>2026-01-22T22:37:41Z</time>
   </trkpt>
   <trkpt lat="-8.0517170" lon="-34.9534710">
    <ele>15.3</ele>
    <time>2026-01-22T22:37:42Z</time>
   </trkpt>
   <trkpt lat="-8.0516850" lon="-34.9534700">
    <ele>15.3</ele>
    <time>2026-01-22T22:37:43Z</time>
   </trkpt>
   <trkpt lat="-8.0516560" lon="-34.9534640">
    <ele>15.3</ele>
    <time>2026-01-22T22:37:45Z</time>
   </trkpt>
   <trkpt lat="-8.0516290" lon="-34.9534590">
    <ele>15.3</ele>
    <time>2026-01-22T22:37:46Z</time>
   </trkpt>
   <trkpt lat="-8.0516000" lon="-34.9534550">
    <ele>15.3</ele>
    <time>2026-01-22T22:37:47Z</time>
   </trkpt>
   <trkpt lat="-8.0515730" lon="-34.9534510">
    <ele>15.3</ele>
    <time>2026-01-22T22:37:48Z</time>
   </trkpt>
   <trkpt lat="-8.0515560" lon="-34.9534490">
    <ele>15.3</ele>
    <time>2026-01-22T22:37:49Z</time>
   </trkpt>
   <trkpt lat="-8.0515080" lon="-34.9534410">
    <ele>15.3</ele>
    <time>2026-01-22T22:37:51Z</time>
   </trkpt>
   <trkpt lat="-8.0514830" lon="-34.9534390">
    <ele>15.3</ele>
    <time>2026-01-22T22:37:52Z</time>
   </trkpt>
   <trkpt lat="-8.0514540" lon="-34.9534360">
    <ele>15.3</ele>
    <time>2026-01-22T22:37:54Z</time>
   </trkpt>
   <trkpt lat="-8.0514190" lon="-34.9534320">
    <ele>15.3</ele>
    <time>2026-01-22T22:37:55Z</time>
   </trkpt>
   <trkpt lat="-8.0513840" lon="-34.9534280">
    <ele>15.3</ele>
    <time>2026-01-22T22:37:56Z</time>
   </trkpt>
   <trkpt lat="-8.0513850" lon="-34.9534200">
    <ele>15.3</ele>
    <time>2026-01-22T22:37:57Z</time>
   </trkpt>
   <trkpt lat="-8.0513580" lon="-34.9534140">
    <ele>15.3</ele>
    <time>2026-01-22T22:37:59Z</time>
   </trkpt>
   <trkpt lat="-8.0513270" lon="-34.9534060">
    <ele>15.3</ele>
    <time>2026-01-22T22:38:00Z</time>
   </trkpt>
   <trkpt lat="-8.0512820" lon="-34.9533940">
    <ele>15.3</ele>
    <time>2026-01-22T22:38:02Z</time>
   </trkpt>
   <trkpt lat="-8.0512470" lon="-34.9533800">
    <ele>15.3</ele>
    <time>2026-01-22T22:38:03Z</time>
   </trkpt>
   <trkpt lat="-8.0512200" lon="-34.9533760">
    <ele>15.3</ele>
    <time>2026-01-22T22:38:04Z</time>
   </trkpt>
   <trkpt lat="-8.0511910" lon="-34.9533720">
    <ele>15.3</ele>
    <time>2026-01-22T22:38:05Z</time>
   </trkpt>
   <trkpt lat="-8.0511550" lon="-34.9533710">
    <ele>15.3</ele>
    <time>2026-01-22T22:38:07Z</time>
   </trkpt>
   <trkpt lat="-8.0511180" lon="-34.9533710">
    <ele>15.4</ele>
    <time>2026-01-22T22:38:08Z</time>
   </trkpt>
   <trkpt lat="-8.0511080" lon="-34.9533720">
    <ele>15.4</ele>
    <time>2026-01-22T22:38:09Z</time>
   </trkpt>
   <trkpt lat="-8.0510770" lon="-34.9533770">
    <ele>15.4</ele>
    <time>2026-01-22T22:38:10Z</time>
   </trkpt>
   <trkpt lat="-8.0510460" lon="-34.9533830">
    <ele>15.4</ele>
    <time>2026-01-22T22:38:11Z</time>
   </trkpt>
   <trkpt lat="-8.0510120" lon="-34.9533910">
    <ele>15.4</ele>
    <time>2026-01-22T22:38:12Z</time>
   </trkpt>
   <trkpt lat="-8.0510010" lon="-34.9533930">
    <ele>15.4</ele>
    <time>2026-01-22T22:38:13Z</time>
   </trkpt>
   <trkpt lat="-8.0509730" lon="-34.9534000">
    <ele>15.4</ele>
    <time>2026-01-22T22:38:14Z</time>
   </trkpt>
   <trkpt lat="-8.0509640" lon="-34.9534020">
    <ele>15.4</ele>
    <time>2026-01-22T22:38:15Z</time>
   </trkpt>
   <trkpt lat="-8.0509380" lon="-34.9534070">
    <ele>15.4</ele>
    <time>2026-01-22T22:38:16Z</time>
   </trkpt>
   <trkpt lat="-8.0509280" lon="-34.9534090">
    <ele>15.4</ele>
    <time>2026-01-22T22:38:17Z</time>
   </trkpt>
   <trkpt lat="-8.0508950" lon="-34.9534180">
    <ele>15.4</ele>
    <time>2026-01-22T22:38:18Z</time>
   </trkpt>
   <trkpt lat="-8.0508850" lon="-34.9534200">
    <ele>15.4</ele>
    <time>2026-01-22T22:38:19Z</time>
   </trkpt>
   <trkpt lat="-8.0508570" lon="-34.9534240">
    <ele>15.4</ele>
    <time>2026-01-22T22:38:20Z</time>
   </trkpt>
   <trkpt lat="-8.0508220" lon="-34.9534230">
    <ele>15.4</ele>
    <time>2026-01-22T22:38:21Z</time>
   </trkpt>
   <trkpt lat="-8.0508090" lon="-34.9534220">
    <ele>15.4</ele>
    <time>2026-01-22T22:38:22Z</time>
   </trkpt>
   <trkpt lat="-8.0507740" lon="-34.9534200">
    <ele>15.4</ele>
    <time>2026-01-22T22:38:23Z</time>
   </trkpt>
   <trkpt lat="-8.0507640" lon="-34.9534200">
    <ele>15.4</ele>
    <time>2026-01-22T22:38:24Z</time>
   </trkpt>
   <trkpt lat="-8.0507300" lon="-34.9534170">
    <ele>15.4</ele>
    <time>2026-01-22T22:38:25Z</time>
   </trkpt>
   <trkpt lat="-8.0507190" lon="-34.9534160">
    <ele>15.4</ele>
    <time>2026-01-22T22:38:26Z</time>
   </trkpt>
   <trkpt lat="-8.0506870" lon="-34.9534170">
    <ele>15.4</ele>
    <time>2026-01-22T22:38:27Z</time>
   </trkpt>
   <trkpt lat="-8.0506780" lon="-34.9534170">
    <ele>15.4</ele>
    <time>2026-01-22T22:38:28Z</time>
   </trkpt>
   <trkpt lat="-8.0506490" lon="-34.9534190">
    <ele>15.4</ele>
    <time>2026-01-22T22:38:29Z</time>
   </trkpt>
   <trkpt lat="-8.0506400" lon="-34.9534190">
    <ele>15.4</ele>
    <time>2026-01-22T22:38:30Z</time>
   </trkpt>
   <trkpt lat="-8.0506110" lon="-34.9534100">
    <ele>15.4</ele>
    <time>2026-01-22T22:38:31Z</time>
   </trkpt>
   <trkpt lat="-8.0506020" lon="-34.9534070">
    <ele>15.4</ele>
    <time>2026-01-22T22:38:32Z</time>
   </trkpt>
   <trkpt lat="-8.0505750" lon="-34.9533980">
    <ele>15.5</ele>
    <time>2026-01-22T22:38:33Z</time>
   </trkpt>
   <trkpt lat="-8.0505660" lon="-34.9533960">
    <ele>15.5</ele>
    <time>2026-01-22T22:38:34Z</time>
   </trkpt>
   <trkpt lat="-8.0505380" lon="-34.9533860">
    <ele>15.5</ele>
    <time>2026-01-22T22:38:35Z</time>
   </trkpt>
   <trkpt lat="-8.0505290" lon="-34.9533830">
    <ele>15.5</ele>
    <time>2026-01-22T22:38:36Z</time>
   </trkpt>
   <trkpt lat="-8.0505050" lon="-34.9533690">
    <ele>15.5</ele>
    <time>2026-01-22T22:38:37Z</time>
   </trkpt>
   <trkpt lat="-8.0504960" lon="-34.9533650">
    <ele>15.5</ele>
    <time>2026-01-22T22:38:38Z</time>
   </trkpt>
   <trkpt lat="-8.0504680" lon="-34.9533560">
    <ele>15.5</ele>
    <time>2026-01-22T22:38:39Z</time>
   </trkpt>
   <trkpt lat="-8.0504580" lon="-34.9533550">
    <ele>15.5</ele>
    <time>2026-01-22T22:38:40Z</time>
   </trkpt>
   <trkpt lat="-8.0504270" lon="-34.9533570">
    <ele>15.6</ele>
    <time>2026-01-22T22:38:41Z</time>
   </trkpt>
   <trkpt lat="-8.0504150" lon="-34.9533580">
    <ele>15.6</ele>
    <time>2026-01-22T22:38:42Z</time>
   </trkpt>
   <trkpt lat="-8.0503840" lon="-34.9533630">
    <ele>15.6</ele>
    <time>2026-01-22T22:38:43Z</time>
   </trkpt>
   <trkpt lat="-8.0503730" lon="-34.9533650">
    <ele>15.6</ele>
    <time>2026-01-22T22:38:44Z</time>
   </trkpt>
   <trkpt lat="-8.0503440" lon="-34.9533670">
    <ele>15.6</ele>
    <time>2026-01-22T22:38:45Z</time>
   </trkpt>
   <trkpt lat="-8.0503340" lon="-34.9533670">
    <ele>15.6</ele>
    <time>2026-01-22T22:38:46Z</time>
   </trkpt>
   <trkpt lat="-8.0503010" lon="-34.9533650">
    <ele>15.7</ele>
    <time>2026-01-22T22:38:47Z</time>
   </trkpt>
   <trkpt lat="-8.0502900" lon="-34.9533650">
    <ele>15.7</ele>
    <time>2026-01-22T22:38:48Z</time>
   </trkpt>
   <trkpt lat="-8.0502570" lon="-34.9533690">
    <ele>15.7</ele>
    <time>2026-01-22T22:38:49Z</time>
   </trkpt>
   <trkpt lat="-8.0502470" lon="-34.9533700">
    <ele>15.7</ele>
    <time>2026-01-22T22:38:50Z</time>
   </trkpt>
   <trkpt lat="-8.0502140" lon="-34.9533700">
    <ele>15.7</ele>
    <time>2026-01-22T22:38:51Z</time>
   </trkpt>
   <trkpt lat="-8.0502040" lon="-34.9533690">
    <ele>15.7</ele>
    <time>2026-01-22T22:38:52Z</time>
   </trkpt>
   <trkpt lat="-8.0501730" lon="-34.9533610">
    <ele>15.7</ele>
    <time>2026-01-22T22:38:53Z</time>
   </trkpt>
   <trkpt lat="-8.0501620" lon="-34.9533590">
    <ele>15.7</ele>
    <time>2026-01-22T22:38:54Z</time>
   </trkpt>
   <trkpt lat="-8.0501320" lon="-34.9533550">
    <ele>15.8</ele>
    <time>2026-01-22T22:38:55Z</time>
   </trkpt>
   <trkpt lat="-8.0501210" lon="-34.9533540">
    <ele>15.8</ele>
    <time>2026-01-22T22:38:56Z</time>
   </trkpt>
   <trkpt lat="-8.0500900" lon="-34.9533470">
    <ele>15.8</ele>
    <time>2026-01-22T22:38:57Z</time>
   </trkpt>
   <trkpt lat="-8.0500790" lon="-34.9533440">
    <ele>15.8</ele>
    <time>2026-01-22T22:38:58Z</time>
   </trkpt>
   <trkpt lat="-8.0500450" lon="-34.9533370">
    <ele>15.8</ele>
    <time>2026-01-22T22:38:59Z</time>
   </trkpt>
   <trkpt lat="-8.0500330" lon="-34.9533360">
    <ele>15.8</ele>
    <time>2026-01-22T22:39:00Z</time>
   </trkpt>
   <trkpt lat="-8.0500020" lon="-34.9533360">
    <ele>15.8</ele>
    <time>2026-01-22T22:39:01Z</time>
   </trkpt>
   <trkpt lat="-8.0499920" lon="-34.9533360">
    <ele>15.8</ele>
    <time>2026-01-22T22:39:02Z</time>
   </trkpt>
   <trkpt lat="-8.0499640" lon="-34.9533330">
    <ele>15.8</ele>
    <time>2026-01-22T22:39:03Z</time>
   </trkpt>
   <trkpt lat="-8.0499540" lon="-34.9533310">
    <ele>15.8</ele>
    <time>2026-01-22T22:39:04Z</time>
   </trkpt>
   <trkpt lat="-8.0499250" lon="-34.9533220">
    <ele>15.8</ele>
    <time>2026-01-22T22:39:05Z</time>
   </trkpt>
   <trkpt lat="-8.0499150" lon="-34.9533190">
    <ele>15.8</ele>
    <time>2026-01-22T22:39:06Z</time>
   </trkpt>
   <trkpt lat="-8.0498870" lon="-34.9533090">
    <ele>15.8</ele>
    <time>2026-01-22T22:39:07Z</time>
   </trkpt>
   <trkpt lat="-8.0498760" lon="-34.9533070">
    <ele>15.8</ele>
    <time>2026-01-22T22:39:08Z</time>
   </trkpt>
   <trkpt lat="-8.0498470" lon="-34.9533040">
    <ele>15.8</ele>
    <time>2026-01-22T22:39:09Z</time>
   </trkpt>
   <trkpt lat="-8.0498370" lon="-34.9533040">
    <ele>15.8</ele>
    <time>2026-01-22T22:39:10Z</time>
   </trkpt>
   <trkpt lat="-8.0498040" lon="-34.9533080">
    <ele>15.8</ele>
    <time>2026-01-22T22:39:11Z</time>
   </trkpt>
   <trkpt lat="-8.0497920" lon="-34.9533080">
    <ele>15.8</ele>
    <time>2026-01-22T22:39:12Z</time>
   </trkpt>
   <trkpt lat="-8.0497640" lon="-34.9533070">
    <ele>15.8</ele>
    <time>2026-01-22T22:39:13Z</time>
   </trkpt>
   <trkpt lat="-8.0497540" lon="-34.9533070">
    <ele>15.8</ele>
    <time>2026-01-22T22:39:14Z</time>
   </trkpt>
   <trkpt lat="-8.0497260" lon="-34.9533070">
    <ele>15.8</ele>
    <time>2026-01-22T22:39:15Z</time>
   </trkpt>
   <trkpt lat="-8.0497160" lon="-34.9533070">
    <ele>15.8</ele>
    <time>2026-01-22T22:39:16Z</time>
   </trkpt>
   <trkpt lat="-8.0497010" lon="-34.9533060">
    <ele>15.8</ele>
    <time>2026-01-22T22:39:17Z</time>
   </trkpt>
   <trkpt lat="-8.0496840" lon="-34.9533040">
    <ele>15.8</ele>
    <time>2026-01-22T22:39:18Z</time>
   </trkpt>
   <trkpt lat="-8.0496560" lon="-34.9533000">
    <ele>15.8</ele>
    <time>2026-01-22T22:39:19Z</time>
   </trkpt>
   <trkpt lat="-8.0496470" lon="-34.9532990">
    <ele>15.8</ele>
    <time>2026-01-22T22:39:20Z</time>
   </trkpt>
   <trkpt lat="-8.0496160" lon="-34.9533020">
    <ele>15.8</ele>
    <time>2026-01-22T22:39:21Z</time>
   </trkpt>
   <trkpt lat="-8.0496050" lon="-34.9533030">
    <ele>15.8</ele>
    <time>2026-01-22T22:39:22Z</time>
   </trkpt>
   <trkpt lat="-8.0495730" lon="-34.9533120">
    <ele>15.8</ele>
    <time>2026-01-22T22:39:23Z</time>
   </trkpt>
   <trkpt lat="-8.0495630" lon="-34.9533140">
    <ele>15.8</ele>
    <time>2026-01-22T22:39:24Z</time>
   </trkpt>
   <trkpt lat="-8.0495260" lon="-34.9533240">
    <ele>15.8</ele>
    <time>2026-01-22T22:39:25Z</time>
   </trkpt>
   <trkpt lat="-8.0495120" lon="-34.9533260">
    <ele>15.8</ele>
    <time>2026-01-22T22:39:26Z</time>
   </trkpt>
   <trkpt lat="-8.0494820" lon="-34.9533330">
    <ele>15.8</ele>
    <time>2026-01-22T22:39:27Z</time>
   </trkpt>
   <trkpt lat="-8.0494730" lon="-34.9533360">
    <ele>15.8</ele>
    <time>2026-01-22T22:39:28Z</time>
   </trkpt>
   <trkpt lat="-8.0494580" lon="-34.9533400">
    <ele>15.8</ele>
    <time>2026-01-22T22:39:29Z</time>
   </trkpt>
   <trkpt lat="-8.0494440" lon="-34.9533420">
    <ele>15.8</ele>
    <time>2026-01-22T22:39:30Z</time>
   </trkpt>
   <trkpt lat="-8.0494280" lon="-34.9533400">
    <ele>15.8</ele>
    <time>2026-01-22T22:39:31Z</time>
   </trkpt>
   <trkpt lat="-8.0494160" lon="-34.9533410">
    <ele>15.8</ele>
    <time>2026-01-22T22:39:32Z</time>
   </trkpt>
   <trkpt lat="-8.0493960" lon="-34.9533440">
    <ele>15.8</ele>
    <time>2026-01-22T22:39:33Z</time>
   </trkpt>
   <trkpt lat="-8.0493880" lon="-34.9533450">
    <ele>15.8</ele>
    <time>2026-01-22T22:39:34Z</time>
   </trkpt>
   <trkpt lat="-8.0493800" lon="-34.9533450">
    <ele>15.8</ele>
    <time>2026-01-22T22:39:35Z</time>
   </trkpt>
   <trkpt lat="-8.0493590" lon="-34.9533450">
    <ele>15.8</ele>
    <time>2026-01-22T22:39:36Z</time>
   </trkpt>
   <trkpt lat="-8.0493500" lon="-34.9533450">
    <ele>15.8</ele>
    <time>2026-01-22T22:39:37Z</time>
   </trkpt>
   <trkpt lat="-8.0493420" lon="-34.9533440">
    <ele>15.8</ele>
    <time>2026-01-22T22:39:38Z</time>
   </trkpt>
   <trkpt lat="-8.0493320" lon="-34.9533430">
    <ele>15.8</ele>
    <time>2026-01-22T22:39:39Z</time>
   </trkpt>
   <trkpt lat="-8.0493200" lon="-34.9533430">
    <ele>15.8</ele>
    <time>2026-01-22T22:39:40Z</time>
   </trkpt>
   <trkpt lat="-8.0493080" lon="-34.9533430">
    <ele>15.8</ele>
    <time>2026-01-22T22:39:41Z</time>
   </trkpt>
   <trkpt lat="-8.0492930" lon="-34.9533440">
    <ele>15.8</ele>
    <time>2026-01-22T22:39:42Z</time>
   </trkpt>
   <trkpt lat="-8.0492800" lon="-34.9533440">
    <ele>15.8</ele>
    <time>2026-01-22T22:39:43Z</time>
   </trkpt>
   <trkpt lat="-8.0492610" lon="-34.9533490">
    <ele>15.8</ele>
    <time>2026-01-22T22:39:44Z</time>
   </trkpt>
   <trkpt lat="-8.0492520" lon="-34.9533500">
    <ele>15.8</ele>
    <time>2026-01-22T22:39:45Z</time>
   </trkpt>
   <trkpt lat="-8.0492440" lon="-34.9533510">
    <ele>15.8</ele>
    <time>2026-01-22T22:39:46Z</time>
   </trkpt>
   <trkpt lat="-8.0492200" lon="-34.9533470">
    <ele>15.8</ele>
    <time>2026-01-22T22:39:47Z</time>
   </trkpt>
   <trkpt lat="-8.0492110" lon="-34.9533450">
    <ele>15.8</ele>
    <time>2026-01-22T22:39:48Z</time>
   </trkpt>
   <trkpt lat="-8.0492010" lon="-34.9533420">
    <ele>15.8</ele>
    <time>2026-01-22T22:39:49Z</time>
   </trkpt>
   <trkpt lat="-8.0491840" lon="-34.9533400">
    <ele>15.8</ele>
    <time>2026-01-22T22:39:50Z</time>
   </trkpt>
   <trkpt lat="-8.0491690" lon="-34.9533410">
    <ele>15.8</ele>
    <time>2026-01-22T22:39:51Z</time>
   </trkpt>
   <trkpt lat="-8.0491550" lon="-34.9533400">
    <ele>15.8</ele>
    <time>2026-01-22T22:39:52Z</time>
   </trkpt>
   <trkpt lat="-8.0491420" lon="-34.9533400">
    <ele>15.8</ele>
    <time>2026-01-22T22:39:53Z</time>
   </trkpt>
   <trkpt lat="-8.0491200" lon="-34.9533390">
    <ele>15.8</ele>
    <time>2026-01-22T22:39:54Z</time>
   </trkpt>
   <trkpt lat="-8.0491110" lon="-34.9533400">
    <ele>15.8</ele>
    <time>2026-01-22T22:39:55Z</time>
   </trkpt>
   <trkpt lat="-8.0491030" lon="-34.9533400">
    <ele>15.8</ele>
    <time>2026-01-22T22:39:56Z</time>
   </trkpt>
   <trkpt lat="-8.0490760" lon="-34.9533460">
    <ele>15.8</ele>
    <time>2026-01-22T22:39:57Z</time>
   </trkpt>
   <trkpt lat="-8.0490610" lon="-34.9533500">
    <ele>15.8</ele>
    <time>2026-01-22T22:39:58Z</time>
   </trkpt>
   <trkpt lat="-8.0490470" lon="-34.9533550">
    <ele>15.8</ele>
    <time>2026-01-22T22:39:59Z</time>
   </trkpt>
   <trkpt lat="-8.0490350" lon="-34.9533590">
    <ele>15.8</ele>
    <time>2026-01-22T22:40:00Z</time>
   </trkpt>
   <trkpt lat="-8.0490210" lon="-34.9533610">
    <ele>15.7</ele>
    <time>2026-01-22T22:40:01Z</time>
   </trkpt>
   <trkpt lat="-8.0489990" lon="-34.9533650">
    <ele>15.7</ele>
    <time>2026-01-22T22:40:03Z</time>
   </trkpt>
   <trkpt lat="-8.0489890" lon="-34.9533690">
    <ele>15.7</ele>
    <time>2026-01-22T22:40:04Z</time>
   </trkpt>
   <trkpt lat="-8.0489770" lon="-34.9533690">
    <ele>15.7</ele>
    <time>2026-01-22T22:40:05Z</time>
   </trkpt>
   <trkpt lat="-8.0489630" lon="-34.9533630">
    <ele>15.7</ele>
    <time>2026-01-22T22:40:06Z</time>
   </trkpt>
   <trkpt lat="-8.0489500" lon="-34.9533560">
    <ele>15.7</ele>
    <time>2026-01-22T22:40:07Z</time>
   </trkpt>
   <trkpt lat="-8.0489390" lon="-34.9533490">
    <ele>15.7</ele>
    <time>2026-01-22T22:40:08Z</time>
   </trkpt>
   <trkpt lat="-8.0489300" lon="-34.9533440">
    <ele>15.7</ele>
    <time>2026-01-22T22:40:09Z</time>
   </trkpt>
   <trkpt lat="-8.0489260" lon="-34.9533420">
    <ele>15.7</ele>
    <time>2026-01-22T22:40:10Z</time>
   </trkpt>
   <trkpt lat="-8.0489220" lon="-34.9533400">
    <ele>15.7</ele>
    <time>2026-01-22T22:40:11Z</time>
   </trkpt>
   <trkpt lat="-8.0489150" lon="-34.9533370">
    <ele>15.7</ele>
    <time>2026-01-22T22:40:12Z</time>
   </trkpt>
   <trkpt lat="-8.0489100" lon="-34.9533350">
    <ele>15.7</ele>
    <time>2026-01-22T22:40:13Z</time>
   </trkpt>
   <trkpt lat="-8.0488930" lon="-34.9533280">
    <ele>15.7</ele>
    <time>2026-01-22T22:40:14Z</time>
   </trkpt>
   <trkpt lat="-8.0488840" lon="-34.9533250">
    <ele>15.7</ele>
    <time>2026-01-22T22:40:15Z</time>
   </trkpt>
   <trkpt lat="-8.0488740" lon="-34.9533230">
    <ele>15.7</ele>
    <time>2026-01-22T22:40:16Z</time>
   </trkpt>
   <trkpt lat="-8.0488650" lon="-34.9533200">
    <ele>15.7</ele>
    <time>2026-01-22T22:40:17Z</time>
   </trkpt>
   <trkpt lat="-8.0488460" lon="-34.9533170">
    <ele>15.7</ele>
    <time>2026-01-22T22:40:18Z</time>
   </trkpt>
   <trkpt lat="-8.0488360" lon="-34.9533170">
    <ele>15.7</ele>
    <time>2026-01-22T22:40:19Z</time>
   </trkpt>
   <trkpt lat="-8.0488260" lon="-34.9533160">
    <ele>15.7</ele>
    <time>2026-01-22T22:40:20Z</time>
   </trkpt>
   <trkpt lat="-8.0488160" lon="-34.9533160">
    <ele>15.7</ele>
    <time>2026-01-22T22:40:21Z</time>
   </trkpt>
   <trkpt lat="-8.0487990" lon="-34.9533140">
    <ele>15.7</ele>
    <time>2026-01-22T22:40:22Z</time>
   </trkpt>
   <trkpt lat="-8.0487880" lon="-34.9533050">
    <ele>15.7</ele>
    <time>2026-01-22T22:40:23Z</time>
   </trkpt>
   <trkpt lat="-8.0487790" lon="-34.9532970">
    <ele>15.7</ele>
    <time>2026-01-22T22:40:24Z</time>
   </trkpt>
   <trkpt lat="-8.0487690" lon="-34.9532920">
    <ele>15.7</ele>
    <time>2026-01-22T22:40:25Z</time>
   </trkpt>
   <trkpt lat="-8.0487600" lon="-34.9532880">
    <ele>15.7</ele>
    <time>2026-01-22T22:40:26Z</time>
   </trkpt>
   <trkpt lat="-8.0487520" lon="-34.9532870">
    <ele>15.7</ele>
    <time>2026-01-22T22:40:27Z</time>
   </trkpt>
   <trkpt lat="-8.0487430" lon="-34.9532860">
    <ele>15.7</ele>
    <time>2026-01-22T22:40:28Z</time>
   </trkpt>
   <trkpt lat="-8.0487370" lon="-34.9532870">
    <ele>15.7</ele>
    <time>2026-01-22T22:40:29Z</time>
   </trkpt>
   <trkpt lat="-8.0487420" lon="-34.9532870">
    <ele>15.7</ele>
    <time>2026-01-22T22:40:30Z</time>
   </trkpt>
   <trkpt lat="-8.0487410" lon="-34.9532850">
    <ele>15.7</ele>
    <time>2026-01-22T22:40:31Z</time>
   </trkpt>
   <trkpt lat="-8.0487330" lon="-34.9532860">
    <ele>15.7</ele>
    <time>2026-01-22T22:40:32Z</time>
   </trkpt>
   <trkpt lat="-8.0487210" lon="-34.9532830">
    <ele>15.7</ele>
    <time>2026-01-22T22:40:33Z</time>
   </trkpt>
   <trkpt lat="-8.0487150" lon="-34.9532800">
    <ele>15.7</ele>
    <time>2026-01-22T22:40:34Z</time>
   </trkpt>
   <trkpt lat="-8.0487100" lon="-34.9532760">
    <ele>15.7</ele>
    <time>2026-01-22T22:40:35Z</time>
   </trkpt>
   <trkpt lat="-8.0487050" lon="-34.9532720">
    <ele>15.7</ele>
    <time>2026-01-22T22:40:36Z</time>
   </trkpt>
   <trkpt lat="-8.0486990" lon="-34.9532690">
    <ele>15.7</ele>
    <time>2026-01-22T22:40:37Z</time>
   </trkpt>
   <trkpt lat="-8.0486940" lon="-34.9532650">
    <ele>15.7</ele>
    <time>2026-01-22T22:40:38Z</time>
   </trkpt>
   <trkpt lat="-8.0486670" lon="-34.9532530">
    <ele>15.7</ele>
    <time>2026-01-22T22:40:39Z</time>
   </trkpt>
   <trkpt lat="-8.0486560" lon="-34.9532510">
    <ele>15.7</ele>
    <time>2026-01-22T22:40:40Z</time>
   </trkpt>
   <trkpt lat="-8.0486230" lon="-34.9532550">
    <ele>15.7</ele>
    <time>2026-01-22T22:40:41Z</time>
   </trkpt>
   <trkpt lat="-8.0486120" lon="-34.9532550">
    <ele>15.7</ele>
    <time>2026-01-22T22:40:42Z</time>
   </trkpt>
   <trkpt lat="-8.0485980" lon="-34.9532460">
    <ele>15.7</ele>
    <time>2026-01-22T22:40:43Z</time>
   </trkpt>
   <trkpt lat="-8.0485850" lon="-34.9532340">
    <ele>15.7</ele>
    <time>2026-01-22T22:40:44Z</time>
   </trkpt>
   <trkpt lat="-8.0485650" lon="-34.9532090">
    <ele>15.7</ele>
    <time>2026-01-22T22:40:45Z</time>
   </trkpt>
   <trkpt lat="-8.0485570" lon="-34.9531990">
    <ele>15.7</ele>
    <time>2026-01-22T22:40:46Z</time>
   </trkpt>
   <trkpt lat="-8.0485460" lon="-34.9531840">
    <ele>15.7</ele>
    <time>2026-01-22T22:40:47Z</time>
   </trkpt>
   <trkpt lat="-8.0485350" lon="-34.9531720">
    <ele>15.7</ele>
    <time>2026-01-22T22:40:48Z</time>
   </trkpt>
   <trkpt lat="-8.0485210" lon="-34.9531530">
    <ele>15.7</ele>
    <time>2026-01-22T22:40:49Z</time>
   </trkpt>
   <trkpt lat="-8.0485160" lon="-34.9531470">
    <ele>15.7</ele>
    <time>2026-01-22T22:40:50Z</time>
   </trkpt>
   <trkpt lat="-8.0485100" lon="-34.9531420">
    <ele>15.7</ele>
    <time>2026-01-22T22:40:51Z</time>
   </trkpt>
   <trkpt lat="-8.0484990" lon="-34.9531390">
    <ele>15.7</ele>
    <time>2026-01-22T22:40:52Z</time>
   </trkpt>
   <trkpt lat="-8.0484880" lon="-34.9531370">
    <ele>15.7</ele>
    <time>2026-01-22T22:40:53Z</time>
   </trkpt>
   <trkpt lat="-8.0484790" lon="-34.9531320">
    <ele>15.7</ele>
    <time>2026-01-22T22:40:54Z</time>
   </trkpt>
   <trkpt lat="-8.0484640" lon="-34.9531180">
    <ele>15.7</ele>
    <time>2026-01-22T22:40:55Z</time>
   </trkpt>
   <trkpt lat="-8.0484570" lon="-34.9531130">
    <ele>15.7</ele>
    <time>2026-01-22T22:40:56Z</time>
   </trkpt>
   <trkpt lat="-8.0484510" lon="-34.9531070">
    <ele>15.7</ele>
    <time>2026-01-22T22:40:57Z</time>
   </trkpt>
   <trkpt lat="-8.0484400" lon="-34.9530960">
    <ele>15.7</ele>
    <time>2026-01-22T22:40:58Z</time>
   </trkpt>
   <trkpt lat="-8.0484310" lon="-34.9530870">
    <ele>15.7</ele>
    <time>2026-01-22T22:40:59Z</time>
   </trkpt>
   <trkpt lat="-8.0484220" lon="-34.9530780">
    <ele>15.7</ele>
    <time>2026-01-22T22:41:00Z</time>
   </trkpt>
   <trkpt lat="-8.0484110" lon="-34.9530670">
    <ele>15.7</ele>
    <time>2026-01-22T22:41:01Z</time>
   </trkpt>
   <trkpt lat="-8.0484030" lon="-34.9530560">
    <ele>15.7</ele>
    <time>2026-01-22T22:41:02Z</time>
   </trkpt>
   <trkpt lat="-8.0483950" lon="-34.9530420">
    <ele>15.7</ele>
    <time>2026-01-22T22:41:03Z</time>
   </trkpt>
   <trkpt lat="-8.0483890" lon="-34.9530260">
    <ele>15.7</ele>
    <time>2026-01-22T22:41:04Z</time>
   </trkpt>
   <trkpt lat="-8.0483810" lon="-34.9530120">
    <ele>15.7</ele>
    <time>2026-01-22T22:41:05Z</time>
   </trkpt>
   <trkpt lat="-8.0483740" lon="-34.9529990">
    <ele>15.7</ele>
    <time>2026-01-22T22:41:06Z</time>
   </trkpt>
   <trkpt lat="-8.0483680" lon="-34.9529840">
    <ele>15.7</ele>
    <time>2026-01-22T22:41:07Z</time>
   </trkpt>
   <trkpt lat="-8.0483620" lon="-34.9529700">
    <ele>15.7</ele>
    <time>2026-01-22T22:41:08Z</time>
   </trkpt>
   <trkpt lat="-8.0483590" lon="-34.9529520">
    <ele>15.7</ele>
    <time>2026-01-22T22:41:09Z</time>
   </trkpt>
   <trkpt lat="-8.0483560" lon="-34.9529350">
    <ele>15.7</ele>
    <time>2026-01-22T22:41:10Z</time>
   </trkpt>
   <trkpt lat="-8.0483540" lon="-34.9529190">
    <ele>15.7</ele>
    <time>2026-01-22T22:41:11Z</time>
   </trkpt>
   <trkpt lat="-8.0483520" lon="-34.9529040">
    <ele>15.7</ele>
    <time>2026-01-22T22:41:12Z</time>
   </trkpt>
   <trkpt lat="-8.0483470" lon="-34.9528870">
    <ele>15.7</ele>
    <time>2026-01-22T22:41:13Z</time>
   </trkpt>
   <trkpt lat="-8.0483410" lon="-34.9528550">
    <ele>15.7</ele>
    <time>2026-01-22T22:41:14Z</time>
   </trkpt>
   <trkpt lat="-8.0483390" lon="-34.9528430">
    <ele>15.7</ele>
    <time>2026-01-22T22:41:15Z</time>
   </trkpt>
   <trkpt lat="-8.0483420" lon="-34.9528120">
    <ele>15.7</ele>
    <time>2026-01-22T22:41:16Z</time>
   </trkpt>
   <trkpt lat="-8.0483430" lon="-34.9527990">
    <ele>15.7</ele>
    <time>2026-01-22T22:41:17Z</time>
   </trkpt>
   <trkpt lat="-8.0483500" lon="-34.9527680">
    <ele>15.8</ele>
    <time>2026-01-22T22:41:18Z</time>
   </trkpt>
   <trkpt lat="-8.0483520" lon="-34.9527580">
    <ele>15.8</ele>
    <time>2026-01-22T22:41:19Z</time>
   </trkpt>
   <trkpt lat="-8.0483590" lon="-34.9527280">
    <ele>15.8</ele>
    <time>2026-01-22T22:41:20Z</time>
   </trkpt>
   <trkpt lat="-8.0483610" lon="-34.9527180">
    <ele>15.8</ele>
    <time>2026-01-22T22:41:21Z</time>
   </trkpt>
   <trkpt lat="-8.0483650" lon="-34.9526820">
    <ele>15.8</ele>
    <time>2026-01-22T22:41:22Z</time>
   </trkpt>
   <trkpt lat="-8.0483660" lon="-34.9526690">
    <ele>15.8</ele>
    <time>2026-01-22T22:41:23Z</time>
   </trkpt>
   <trkpt lat="-8.0483640" lon="-34.9526290">
    <ele>15.8</ele>
    <time>2026-01-22T22:41:24Z</time>
   </trkpt>
   <trkpt lat="-8.0483630" lon="-34.9526150">
    <ele>15.8</ele>
    <time>2026-01-22T22:41:25Z</time>
   </trkpt>
   <trkpt lat="-8.0483640" lon="-34.9525850">
    <ele>15.8</ele>
    <time>2026-01-22T22:41:26Z</time>
   </trkpt>
   <trkpt lat="-8.0483670" lon="-34.9525480">
    <ele>15.8</ele>
    <time>2026-01-22T22:41:27Z</time>
   </trkpt>
   <trkpt lat="-8.0483680" lon="-34.9525350">
    <ele>15.8</ele>
    <time>2026-01-22T22:41:28Z</time>
   </trkpt>
   <trkpt lat="-8.0483710" lon="-34.9525050">
    <ele>15.8</ele>
    <time>2026-01-22T22:41:29Z</time>
   </trkpt>
   <trkpt lat="-8.0483760" lon="-34.9524700">
    <ele>15.8</ele>
    <time>2026-01-22T22:41:30Z</time>
   </trkpt>
   <trkpt lat="-8.0483770" lon="-34.9524580">
    <ele>15.8</ele>
    <time>2026-01-22T22:41:31Z</time>
   </trkpt>
   <trkpt lat="-8.0483820" lon="-34.9524260">
    <ele>15.8</ele>
    <time>2026-01-22T22:41:32Z</time>
   </trkpt>
   <trkpt lat="-8.0483830" lon="-34.9524150">
    <ele>15.8</ele>
    <time>2026-01-22T22:41:33Z</time>
   </trkpt>
   <trkpt lat="-8.0483840" lon="-34.9523830">
    <ele>15.8</ele>
    <time>2026-01-22T22:41:34Z</time>
   </trkpt>
   <trkpt lat="-8.0483830" lon="-34.9523730">
    <ele>15.8</ele>
    <time>2026-01-22T22:41:35Z</time>
   </trkpt>
   <trkpt lat="-8.0483830" lon="-34.9523570">
    <ele>15.9</ele>
    <time>2026-01-22T22:41:36Z</time>
   </trkpt>
   <trkpt lat="-8.0483840" lon="-34.9523390">
    <ele>15.9</ele>
    <time>2026-01-22T22:41:37Z</time>
   </trkpt>
   <trkpt lat="-8.0483840" lon="-34.9523090">
    <ele>15.9</ele>
    <time>2026-01-22T22:41:38Z</time>
   </trkpt>
   <trkpt lat="-8.0483830" lon="-34.9522970">
    <ele>15.9</ele>
    <time>2026-01-22T22:41:39Z</time>
   </trkpt>
   <trkpt lat="-8.0483800" lon="-34.9522660">
    <ele>15.9</ele>
    <time>2026-01-22T22:41:40Z</time>
   </trkpt>
   <trkpt lat="-8.0483800" lon="-34.9522550">
    <ele>15.9</ele>
    <time>2026-01-22T22:41:41Z</time>
   </trkpt>
   <trkpt lat="-8.0483890" lon="-34.9522240">
    <ele>15.9</ele>
    <time>2026-01-22T22:41:42Z</time>
   </trkpt>
   <trkpt lat="-8.0483930" lon="-34.9522140">
    <ele>15.8</ele>
    <time>2026-01-22T22:41:43Z</time>
   </trkpt>
   <trkpt lat="-8.0483980" lon="-34.9521800">
    <ele>15.8</ele>
    <time>2026-01-22T22:41:44Z</time>
   </trkpt>
   <trkpt lat="-8.0483980" lon="-34.9521680">
    <ele>15.8</ele>
    <time>2026-01-22T22:41:45Z</time>
   </trkpt>
   <trkpt lat="-8.0483940" lon="-34.9521400">
    <ele>15.8</ele>
    <time>2026-01-22T22:41:46Z</time>
   </trkpt>
   <trkpt lat="-8.0483880" lon="-34.9521080">
    <ele>15.8</ele>
    <time>2026-01-22T22:41:47Z</time>
   </trkpt>
   <trkpt lat="-8.0483840" lon="-34.9520740">
    <ele>15.8</ele>
    <time>2026-01-22T22:41:48Z</time>
   </trkpt>
   <trkpt lat="-8.0483820" lon="-34.9520630">
    <ele>15.8</ele>
    <time>2026-01-22T22:41:49Z</time>
   </trkpt>
   <trkpt lat="-8.0483810" lon="-34.9520310">
    <ele>15.8</ele>
    <time>2026-01-22T22:41:50Z</time>
   </trkpt>
   <trkpt lat="-8.0483800" lon="-34.9520210">
    <ele>15.8</ele>
    <time>2026-01-22T22:41:51Z</time>
   </trkpt>
   <trkpt lat="-8.0483820" lon="-34.9519880">
    <ele>15.8</ele>
    <time>2026-01-22T22:41:52Z</time>
   </trkpt>
   <trkpt lat="-8.0483830" lon="-34.9519760">
    <ele>15.8</ele>
    <time>2026-01-22T22:41:53Z</time>
   </trkpt>
   <trkpt lat="-8.0483940" lon="-34.9519400">
    <ele>15.8</ele>
    <time>2026-01-22T22:41:54Z</time>
   </trkpt>
   <trkpt lat="-8.0483950" lon="-34.9519270">
    <ele>15.8</ele>
    <time>2026-01-22T22:41:55Z</time>
   </trkpt>
   <trkpt lat="-8.0483980" lon="-34.9518950">
    <ele>15.8</ele>
    <time>2026-01-22T22:41:56Z</time>
   </trkpt>
   <trkpt lat="-8.0483990" lon="-34.9518830">
    <ele>15.8</ele>
    <time>2026-01-22T22:41:57Z</time>
   </trkpt>
   <trkpt lat="-8.0484000" lon="-34.9518500">
    <ele>15.8</ele>
    <time>2026-01-22T22:41:58Z</time>
   </trkpt>
   <trkpt lat="-8.0484000" lon="-34.9518390">
    <ele>15.8</ele>
    <time>2026-01-22T22:41:59Z</time>
   </trkpt>
   <trkpt lat="-8.0484050" lon="-34.9518120">
    <ele>15.8</ele>
    <time>2026-01-22T22:42:00Z</time>
   </trkpt>
   <trkpt lat="-8.0484060" lon="-34.9517800">
    <ele>15.8</ele>
    <time>2026-01-22T22:42:01Z</time>
   </trkpt>
   <trkpt lat="-8.0484050" lon="-34.9517700">
    <ele>15.8</ele>
    <time>2026-01-22T22:42:02Z</time>
   </trkpt>
   <trkpt lat="-8.0484020" lon="-34.9517410">
    <ele>15.8</ele>
    <time>2026-01-22T22:42:03Z</time>
   </trkpt>
   <trkpt lat="-8.0484000" lon="-34.9517330">
    <ele>15.8</ele>
    <time>2026-01-22T22:42:04Z</time>
   </trkpt>
   <trkpt lat="-8.0483980" lon="-34.9517150">
    <ele>15.8</ele>
    <time>2026-01-22T22:42:05Z</time>
   </trkpt>
   <trkpt lat="-8.0483980" lon="-34.9516970">
    <ele>15.8</ele>
    <time>2026-01-22T22:42:06Z</time>
   </trkpt>
   <trkpt lat="-8.0483970" lon="-34.9516800">
    <ele>15.8</ele>
    <time>2026-01-22T22:42:07Z</time>
   </trkpt>
   <trkpt lat="-8.0483960" lon="-34.9516610">
    <ele>15.8</ele>
    <time>2026-01-22T22:42:08Z</time>
   </trkpt>
   <trkpt lat="-8.0483950" lon="-34.9516440">
    <ele>15.8</ele>
    <time>2026-01-22T22:42:09Z</time>
   </trkpt>
   <trkpt lat="-8.0483960" lon="-34.9516250">
    <ele>15.8</ele>
    <time>2026-01-22T22:42:10Z</time>
   </trkpt>
   <trkpt lat="-8.0484000" lon="-34.9515980">
    <ele>15.8</ele>
    <time>2026-01-22T22:42:11Z</time>
   </trkpt>
   <trkpt lat="-8.0484020" lon="-34.9515870">
    <ele>15.8</ele>
    <time>2026-01-22T22:42:12Z</time>
   </trkpt>
   <trkpt lat="-8.0484200" lon="-34.9515600">
    <ele>15.8</ele>
    <time>2026-01-22T22:42:13Z</time>
   </trkpt>
   <trkpt lat="-8.0484230" lon="-34.9515500">
    <ele>15.8</ele>
    <time>2026-01-22T22:42:14Z</time>
   </trkpt>
   <trkpt lat="-8.0484290" lon="-34.9515190">
    <ele>15.8</ele>
    <time>2026-01-22T22:42:15Z</time>
   </trkpt>
   <trkpt lat="-8.0484290" lon="-34.9515100">
    <ele>15.8</ele>
    <time>2026-01-22T22:42:16Z</time>
   </trkpt>
   <trkpt lat="-8.0484280" lon="-34.9514800">
    <ele>15.8</ele>
    <time>2026-01-22T22:42:17Z</time>
   </trkpt>
   <trkpt lat="-8.0484280" lon="-34.9514690">
    <ele>15.8</ele>
    <time>2026-01-22T22:42:18Z</time>
   </trkpt>
   <trkpt lat="-8.0484270" lon="-34.9514380">
    <ele>15.8</ele>
    <time>2026-01-22T22:42:19Z</time>
   </trkpt>
   <trkpt lat="-8.0484270" lon="-34.9514270">
    <ele>15.8</ele>
    <time>2026-01-22T22:42:20Z</time>
   </trkpt>
   <trkpt lat="-8.0484260" lon="-34.9513940">
    <ele>15.8</ele>
    <time>2026-01-22T22:42:21Z</time>
   </trkpt>
   <trkpt lat="-8.0484250" lon="-34.9513830">
    <ele>15.8</ele>
    <time>2026-01-22T22:42:22Z</time>
   </trkpt>
   <trkpt lat="-8.0484260" lon="-34.9513510">
    <ele>15.8</ele>
    <time>2026-01-22T22:42:23Z</time>
   </trkpt>
   <trkpt lat="-8.0484260" lon="-34.9513390">
    <ele>15.8</ele>
    <time>2026-01-22T22:42:24Z</time>
   </trkpt>
   <trkpt lat="-8.0484270" lon="-34.9513060">
    <ele>15.8</ele>
    <time>2026-01-22T22:42:25Z</time>
   </trkpt>
   <trkpt lat="-8.0484280" lon="-34.9512950">
    <ele>15.8</ele>
    <time>2026-01-22T22:42:26Z</time>
   </trkpt>
   <trkpt lat="-8.0484340" lon="-34.9512620">
    <ele>15.8</ele>
    <time>2026-01-22T22:42:27Z</time>
   </trkpt>
   <trkpt lat="-8.0484350" lon="-34.9512510">
    <ele>15.8</ele>
    <time>2026-01-22T22:42:28Z</time>
   </trkpt>
   <trkpt lat="-8.0484410" lon="-34.9512170">
    <ele>15.8</ele>
    <time>2026-01-22T22:42:29Z</time>
   </trkpt>
   <trkpt lat="-8.0484430" lon="-34.9512060">
    <ele>15.8</ele>
    <time>2026-01-22T22:42:30Z</time>
   </trkpt>
   <trkpt lat="-8.0484480" lon="-34.9511750">
    <ele>15.8</ele>
    <time>2026-01-22T22:42:31Z</time>
   </trkpt>
   <trkpt lat="-8.0484500" lon="-34.9511650">
    <ele>15.8</ele>
    <time>2026-01-22T22:42:32Z</time>
   </trkpt>
   <trkpt lat="-8.0484550" lon="-34.9511310">
    <ele>15.8</ele>
    <time>2026-01-22T22:42:33Z</time>
   </trkpt>
   <trkpt lat="-8.0484560" lon="-34.9511200">
    <ele>15.8</ele>
    <time>2026-01-22T22:42:34Z</time>
   </trkpt>
   <trkpt lat="-8.0484580" lon="-34.9510900">
    <ele>15.7</ele>
    <time>2026-01-22T22:42:35Z</time>
   </trkpt>
   <trkpt lat="-8.0484580" lon="-34.9510790">
    <ele>15.7</ele>
    <time>2026-01-22T22:42:36Z</time>
   </trkpt>
   <trkpt lat="-8.0484610" lon="-34.9510480">
    <ele>15.7</ele>
    <time>2026-01-22T22:42:37Z</time>
   </trkpt>
   <trkpt lat="-8.0484620" lon="-34.9510380">
    <ele>15.7</ele>
    <time>2026-01-22T22:42:38Z</time>
   </trkpt>
   <trkpt lat="-8.0484700" lon="-34.9510110">
    <ele>15.7</ele>
    <time>2026-01-22T22:42:39Z</time>
   </trkpt>
   <trkpt lat="-8.0484720" lon="-34.9510000">
    <ele>15.7</ele>
    <time>2026-01-22T22:42:40Z</time>
   </trkpt>
   <trkpt lat="-8.0484770" lon="-34.9509670">
    <ele>15.6</ele>
    <time>2026-01-22T22:42:41Z</time>
   </trkpt>
   <trkpt lat="-8.0484770" lon="-34.9509560">
    <ele>15.6</ele>
    <time>2026-01-22T22:42:42Z</time>
   </trkpt>
   <trkpt lat="-8.0484570" lon="-34.9509300">
    <ele>15.5</ele>
    <time>2026-01-22T22:42:43Z</time>
   </trkpt>
   <trkpt lat="-8.0484470" lon="-34.9509250">
    <ele>15.5</ele>
    <time>2026-01-22T22:42:44Z</time>
   </trkpt>
   <trkpt lat="-8.0484150" lon="-34.9509210">
    <ele>15.5</ele>
    <time>2026-01-22T22:42:45Z</time>
   </trkpt>
   <trkpt lat="-8.0484030" lon="-34.9509200">
    <ele>15.5</ele>
    <time>2026-01-22T22:42:46Z</time>
   </trkpt>
   <trkpt lat="-8.0483760" lon="-34.9509160">
    <ele>15.5</ele>
    <time>2026-01-22T22:42:47Z</time>
   </trkpt>
   <trkpt lat="-8.0483450" lon="-34.9509090">
    <ele>15.5</ele>
    <time>2026-01-22T22:42:48Z</time>
   </trkpt>
   <trkpt lat="-8.0483350" lon="-34.9509080">
    <ele>15.5</ele>
    <time>2026-01-22T22:42:49Z</time>
   </trkpt>
   <trkpt lat="-8.0483060" lon="-34.9509060">
    <ele>15.5</ele>
    <time>2026-01-22T22:42:50Z</time>
   </trkpt>
   <trkpt lat="-8.0482970" lon="-34.9509060">
    <ele>15.5</ele>
    <time>2026-01-22T22:42:51Z</time>
   </trkpt>
   <trkpt lat="-8.0482790" lon="-34.9509070">
    <ele>15.5</ele>
    <time>2026-01-22T22:42:52Z</time>
   </trkpt>
   <trkpt lat="-8.0482640" lon="-34.9509080">
    <ele>15.5</ele>
    <time>2026-01-22T22:42:53Z</time>
   </trkpt>
   <trkpt lat="-8.0482320" lon="-34.9509050">
    <ele>15.5</ele>
    <time>2026-01-22T22:42:54Z</time>
   </trkpt>
   <trkpt lat="-8.0482210" lon="-34.9509040">
    <ele>15.5</ele>
    <time>2026-01-22T22:42:55Z</time>
   </trkpt>
   <trkpt lat="-8.0481880" lon="-34.9508980">
    <ele>15.4</ele>
    <time>2026-01-22T22:42:56Z</time>
   </trkpt>
   <trkpt lat="-8.0481780" lon="-34.9508950">
    <ele>15.4</ele>
    <time>2026-01-22T22:42:57Z</time>
   </trkpt>
   <trkpt lat="-8.0481510" lon="-34.9508770">
    <ele>15.4</ele>
    <time>2026-01-22T22:42:58Z</time>
   </trkpt>
   <trkpt lat="-8.0481410" lon="-34.9508710">
    <ele>15.4</ele>
    <time>2026-01-22T22:42:59Z</time>
   </trkpt>
   <trkpt lat="-8.0481110" lon="-34.9508630">
    <ele>15.4</ele>
    <time>2026-01-22T22:43:00Z</time>
   </trkpt>
   <trkpt lat="-8.0480990" lon="-34.9508640">
    <ele>15.4</ele>
    <time>2026-01-22T22:43:01Z</time>
   </trkpt>
   <trkpt lat="-8.0480630" lon="-34.9508740">
    <ele>15.4</ele>
    <time>2026-01-22T22:43:02Z</time>
   </trkpt>
   <trkpt lat="-8.0480510" lon="-34.9508770">
    <ele>15.3</ele>
    <time>2026-01-22T22:43:03Z</time>
   </trkpt>
   <trkpt lat="-8.0480180" lon="-34.9508810">
    <ele>15.3</ele>
    <time>2026-01-22T22:43:04Z</time>
   </trkpt>
   <trkpt lat="-8.0480070" lon="-34.9508820">
    <ele>15.3</ele>
    <time>2026-01-22T22:43:05Z</time>
   </trkpt>
   <trkpt lat="-8.0479730" lon="-34.9508800">
    <ele>15.3</ele>
    <time>2026-01-22T22:43:06Z</time>
   </trkpt>
   <trkpt lat="-8.0479630" lon="-34.9508790">
    <ele>15.3</ele>
    <time>2026-01-22T22:43:07Z</time>
   </trkpt>
   <trkpt lat="-8.0479240" lon="-34.9508780">
    <ele>15.3</ele>
    <time>2026-01-22T22:43:08Z</time>
   </trkpt>
   <trkpt lat="-8.0479110" lon="-34.9508790">
    <ele>15.3</ele>
    <time>2026-01-22T22:43:09Z</time>
   </trkpt>
   <trkpt lat="-8.0478720" lon="-34.9508840">
    <ele>15.3</ele>
    <time>2026-01-22T22:43:10Z</time>
   </trkpt>
   <trkpt lat="-8.0478560" lon="-34.9508850">
    <ele>15.3</ele>
    <time>2026-01-22T22:43:11Z</time>
   </trkpt>
   <trkpt lat="-8.0478260" lon="-34.9508860">
    <ele>15.3</ele>
    <time>2026-01-22T22:43:12Z</time>
   </trkpt>
   <trkpt lat="-8.0478150" lon="-34.9508860">
    <ele>15.3</ele>
    <time>2026-01-22T22:43:13Z</time>
   </trkpt>
   <trkpt lat="-8.0477840" lon="-34.9508830">
    <ele>15.3</ele>
    <time>2026-01-22T22:43:14Z</time>
   </trkpt>
   <trkpt lat="-8.0477720" lon="-34.9508820">
    <ele>15.3</ele>
    <time>2026-01-22T22:43:15Z</time>
   </trkpt>
   <trkpt lat="-8.0477350" lon="-34.9508820">
    <ele>15.3</ele>
    <time>2026-01-22T22:43:16Z</time>
   </trkpt>
   <trkpt lat="-8.0477200" lon="-34.9508820">
    <ele>15.3</ele>
    <time>2026-01-22T22:43:17Z</time>
   </trkpt>
   <trkpt lat="-8.0477070" lon="-34.9508810">
    <ele>15.3</ele>
    <time>2026-01-22T22:43:18Z</time>
   </trkpt>
   <trkpt lat="-8.0476880" lon="-34.9508800">
    <ele>15.3</ele>
    <time>2026-01-22T22:43:19Z</time>
   </trkpt>
   <trkpt lat="-8.0476560" lon="-34.9508780">
    <ele>15.3</ele>
    <time>2026-01-22T22:43:20Z</time>
   </trkpt>
   <trkpt lat="-8.0476460" lon="-34.9508780">
    <ele>15.3</ele>
    <time>2026-01-22T22:43:21Z</time>
   </trkpt>
   <trkpt lat="-8.0476130" lon="-34.9508720">
    <ele>15.2</ele>
    <time>2026-01-22T22:43:22Z</time>
   </trkpt>
   <trkpt lat="-8.0476020" lon="-34.9508700">
    <ele>15.2</ele>
    <time>2026-01-22T22:43:23Z</time>
   </trkpt>
   <trkpt lat="-8.0475700" lon="-34.9508580">
    <ele>15.2</ele>
    <time>2026-01-22T22:43:24Z</time>
   </trkpt>
   <trkpt lat="-8.0475590" lon="-34.9508530">
    <ele>15.2</ele>
    <time>2026-01-22T22:43:25Z</time>
   </trkpt>
   <trkpt lat="-8.0475230" lon="-34.9508400">
    <ele>15.2</ele>
    <time>2026-01-22T22:43:26Z</time>
   </trkpt>
   <trkpt lat="-8.0475100" lon="-34.9508380">
    <ele>15.2</ele>
    <time>2026-01-22T22:43:27Z</time>
   </trkpt>
   <trkpt lat="-8.0474770" lon="-34.9508320">
    <ele>15.2</ele>
    <time>2026-01-22T22:43:28Z</time>
   </trkpt>
   <trkpt lat="-8.0474650" lon="-34.9508300">
    <ele>15.2</ele>
    <time>2026-01-22T22:43:29Z</time>
   </trkpt>
   <trkpt lat="-8.0474360" lon="-34.9508270">
    <ele>15.2</ele>
    <time>2026-01-22T22:43:30Z</time>
   </trkpt>
   <trkpt lat="-8.0474280" lon="-34.9508270">
    <ele>15.2</ele>
    <time>2026-01-22T22:43:31Z</time>
   </trkpt>
   <trkpt lat="-8.0474060" lon="-34.9508240">
    <ele>15.2</ele>
    <time>2026-01-22T22:43:32Z</time>
   </trkpt>
   <trkpt lat="-8.0473980" lon="-34.9508230">
    <ele>15.2</ele>
    <time>2026-01-22T22:43:33Z</time>
   </trkpt>
   <trkpt lat="-8.0473890" lon="-34.9508230">
    <ele>15.2</ele>
    <time>2026-01-22T22:43:34Z</time>
   </trkpt>
   <trkpt lat="-8.0473720" lon="-34.9508240">
    <ele>15.2</ele>
    <time>2026-01-22T22:43:35Z</time>
   </trkpt>
   <trkpt lat="-8.0473560" lon="-34.9508200">
    <ele>15.2</ele>
    <time>2026-01-22T22:43:36Z</time>
   </trkpt>
   <trkpt lat="-8.0473280" lon="-34.9508150">
    <ele>15.2</ele>
    <time>2026-01-22T22:43:37Z</time>
   </trkpt>
   <trkpt lat="-8.0473190" lon="-34.9508140">
    <ele>15.2</ele>
    <time>2026-01-22T22:43:38Z</time>
   </trkpt>
   <trkpt lat="-8.0472850" lon="-34.9508110">
    <ele>15.2</ele>
    <time>2026-01-22T22:43:39Z</time>
   </trkpt>
   <trkpt lat="-8.0472730" lon="-34.9508100">
    <ele>15.2</ele>
    <time>2026-01-22T22:43:40Z</time>
   </trkpt>
   <trkpt lat="-8.0472360" lon="-34.9508070">
    <ele>15.2</ele>
    <time>2026-01-22T22:43:41Z</time>
   </trkpt>
   <trkpt lat="-8.0472230" lon="-34.9508060">
    <ele>15.2</ele>
    <time>2026-01-22T22:43:42Z</time>
   </trkpt>
   <trkpt lat="-8.0471910" lon="-34.9508030">
    <ele>15.2</ele>
    <time>2026-01-22T22:43:43Z</time>
   </trkpt>
   <trkpt lat="-8.0471820" lon="-34.9508020">
    <ele>15.2</ele>
    <time>2026-01-22T22:43:44Z</time>
   </trkpt>
   <trkpt lat="-8.0471520" lon="-34.9507970">
    <ele>15.2</ele>
    <time>2026-01-22T22:43:45Z</time>
   </trkpt>
   <trkpt lat="-8.0471420" lon="-34.9507960">
    <ele>15.2</ele>
    <time>2026-01-22T22:43:46Z</time>
   </trkpt>
   <trkpt lat="-8.0471040" lon="-34.9507940">
    <ele>15.1</ele>
    <time>2026-01-22T22:43:47Z</time>
   </trkpt>
   <trkpt lat="-8.0470900" lon="-34.9507930">
    <ele>15.1</ele>
    <time>2026-01-22T22:43:48Z</time>
   </trkpt>
   <trkpt lat="-8.0470570" lon="-34.9507920">
    <ele>15.1</ele>
    <time>2026-01-22T22:43:49Z</time>
   </trkpt>
   <trkpt lat="-8.0470290" lon="-34.9507880">
    <ele>15.1</ele>
    <time>2026-01-22T22:43:50Z</time>
   </trkpt>
   <trkpt lat="-8.0470190" lon="-34.9507870">
    <ele>15.1</ele>
    <time>2026-01-22T22:43:51Z</time>
   </trkpt>
   <trkpt lat="-8.0470030" lon="-34.9507830">
    <ele>15.1</ele>
    <time>2026-01-22T22:43:52Z</time>
   </trkpt>
   <trkpt lat="-8.0469840" lon="-34.9507830">
    <ele>15.1</ele>
    <time>2026-01-22T22:43:53Z</time>
   </trkpt>
   <trkpt lat="-8.0469550" lon="-34.9507870">
    <ele>15.1</ele>
    <time>2026-01-22T22:43:54Z</time>
   </trkpt>
   <trkpt lat="-8.0469480" lon="-34.9507880">
    <ele>15.1</ele>
    <time>2026-01-22T22:43:55Z</time>
   </trkpt>
   <trkpt lat="-8.0469140" lon="-34.9507850">
    <ele>15.1</ele>
    <time>2026-01-22T22:43:56Z</time>
   </trkpt>
   <trkpt lat="-8.0469050" lon="-34.9507840">
    <ele>15.1</ele>
    <time>2026-01-22T22:43:57Z</time>
   </trkpt>
   <trkpt lat="-8.0468670" lon="-34.9507800">
    <ele>15.1</ele>
    <time>2026-01-22T22:43:58Z</time>
   </trkpt>
   <trkpt lat="-8.0468540" lon="-34.9507800">
    <ele>15.1</ele>
    <time>2026-01-22T22:43:59Z</time>
   </trkpt>
   <trkpt lat="-8.0468150" lon="-34.9507790">
    <ele>15.0</ele>
    <time>2026-01-22T22:44:00Z</time>
   </trkpt>
   <trkpt lat="-8.0468010" lon="-34.9507790">
    <ele>15.0</ele>
    <time>2026-01-22T22:44:01Z</time>
   </trkpt>
   <trkpt lat="-8.0467600" lon="-34.9507740">
    <ele>15.0</ele>
    <time>2026-01-22T22:44:02Z</time>
   </trkpt>
   <trkpt lat="-8.0467440" lon="-34.9507710">
    <ele>15.0</ele>
    <time>2026-01-22T22:44:03Z</time>
   </trkpt>
   <trkpt lat="-8.0467090" lon="-34.9507700">
    <ele>15.0</ele>
    <time>2026-01-22T22:44:04Z</time>
   </trkpt>
   <trkpt lat="-8.0466960" lon="-34.9507690">
    <ele>15.0</ele>
    <time>2026-01-22T22:44:05Z</time>
   </trkpt>
   <trkpt lat="-8.0466610" lon="-34.9507630">
    <ele>15.0</ele>
    <time>2026-01-22T22:44:06Z</time>
   </trkpt>
   <trkpt lat="-8.0466500" lon="-34.9507620">
    <ele>15.0</ele>
    <time>2026-01-22T22:44:07Z</time>
   </trkpt>
   <trkpt lat="-8.0466170" lon="-34.9507490">
    <ele>15.0</ele>
    <time>2026-01-22T22:44:08Z</time>
   </trkpt>
   <trkpt lat="-8.0466040" lon="-34.9507420">
    <ele>15.0</ele>
    <time>2026-01-22T22:44:09Z</time>
   </trkpt>
   <trkpt lat="-8.0465770" lon="-34.9507360">
    <ele>15.0</ele>
    <time>2026-01-22T22:44:10Z</time>
   </trkpt>
   <trkpt lat="-8.0465670" lon="-34.9507360">
    <ele>15.0</ele>
    <time>2026-01-22T22:44:11Z</time>
   </trkpt>
   <trkpt lat="-8.0465510" lon="-34.9507500">
    <ele>15.0</ele>
    <time>2026-01-22T22:44:12Z</time>
   </trkpt>
   <trkpt lat="-8.0465560" lon="-34.9507690">
    <ele>15.0</ele>
    <time>2026-01-22T22:44:13Z</time>
   </trkpt>
   <trkpt lat="-8.0465730" lon="-34.9507740">
    <ele>15.0</ele>
    <time>2026-01-22T22:44:14Z</time>
   </trkpt>
   <trkpt lat="-8.0465890" lon="-34.9507660">
    <ele>15.0</ele>
    <time>2026-01-22T22:44:15Z</time>
   </trkpt>
   <trkpt lat="-8.0466040" lon="-34.9507530">
    <ele>15.0</ele>
    <time>2026-01-22T22:44:16Z</time>
   </trkpt>
   <trkpt lat="-8.0466120" lon="-34.9507480">
    <ele>15.0</ele>
    <time>2026-01-22T22:44:17Z</time>
   </trkpt>
   <trkpt lat="-8.0466230" lon="-34.9507420">
    <ele>15.0</ele>
    <time>2026-01-22T22:44:18Z</time>
   </trkpt>
   <trkpt lat="-8.0466320" lon="-34.9507370">
    <ele>15.0</ele>
    <time>2026-01-22T22:44:19Z</time>
   </trkpt>
   <trkpt lat="-8.0466410" lon="-34.9507340">
    <ele>15.0</ele>
    <time>2026-01-22T22:44:20Z</time>
   </trkpt>
   <trkpt lat="-8.0466540" lon="-34.9507330">
    <ele>15.0</ele>
    <time>2026-01-22T22:44:21Z</time>
   </trkpt>
   <trkpt lat="-8.0466640" lon="-34.9507330">
    <ele>15.0</ele>
    <time>2026-01-22T22:44:22Z</time>
   </trkpt>
   <trkpt lat="-8.0466750" lon="-34.9507300">
    <ele>15.0</ele>
    <time>2026-01-22T22:44:23Z</time>
   </trkpt>
   <trkpt lat="-8.0466850" lon="-34.9507310">
    <ele>15.0</ele>
    <time>2026-01-22T22:44:24Z</time>
   </trkpt>
   <trkpt lat="-8.0466960" lon="-34.9507310">
    <ele>15.0</ele>
    <time>2026-01-22T22:44:25Z</time>
   </trkpt>
   <trkpt lat="-8.0467060" lon="-34.9507330">
    <ele>15.0</ele>
    <time>2026-01-22T22:44:26Z</time>
   </trkpt>
   <trkpt lat="-8.0467160" lon="-34.9507360">
    <ele>15.0</ele>
    <time>2026-01-22T22:44:27Z</time>
   </trkpt>
   <trkpt lat="-8.0467260" lon="-34.9507380">
    <ele>15.0</ele>
    <time>2026-01-22T22:44:28Z</time>
   </trkpt>
   <trkpt lat="-8.0467390" lon="-34.9507360">
    <ele>15.0</ele>
    <time>2026-01-22T22:44:29Z</time>
   </trkpt>
   <trkpt lat="-8.0467500" lon="-34.9507350">
    <ele>15.0</ele>
    <time>2026-01-22T22:44:30Z</time>
   </trkpt>
   <trkpt lat="-8.0467600" lon="-34.9507370">
    <ele>15.0</ele>
    <time>2026-01-22T22:44:31Z</time>
   </trkpt>
   <trkpt lat="-8.0467680" lon="-34.9507380">
    <ele>15.0</ele>
    <time>2026-01-22T22:44:32Z</time>
   </trkpt>
   <trkpt lat="-8.0467830" lon="-34.9507390">
    <ele>15.0</ele>
    <time>2026-01-22T22:44:33Z</time>
   </trkpt>
   <trkpt lat="-8.0467900" lon="-34.9507390">
    <ele>15.0</ele>
    <time>2026-01-22T22:44:34Z</time>
   </trkpt>
   <trkpt lat="-8.0467970" lon="-34.9507390">
    <ele>15.0</ele>
    <time>2026-01-22T22:44:35Z</time>
   </trkpt>
   <trkpt lat="-8.0468040" lon="-34.9507390">
    <ele>15.0</ele>
    <time>2026-01-22T22:44:36Z</time>
   </trkpt>
   <trkpt lat="-8.0468110" lon="-34.9507400">
    <ele>15.0</ele>
    <time>2026-01-22T22:44:37Z</time>
   </trkpt>
   <trkpt lat="-8.0468220" lon="-34.9507400">
    <ele>15.0</ele>
    <time>2026-01-22T22:44:38Z</time>
   </trkpt>
   <trkpt lat="-8.0468460" lon="-34.9507450">
    <ele>15.0</ele>
    <time>2026-01-22T22:44:39Z</time>
   </trkpt>
   <trkpt lat="-8.0468560" lon="-34.9507470">
    <ele>15.0</ele>
    <time>2026-01-22T22:44:40Z</time>
   </trkpt>
   <trkpt lat="-8.0468660" lon="-34.9507480">
    <ele>15.0</ele>
    <time>2026-01-22T22:44:41Z</time>
   </trkpt>
   <trkpt lat="-8.0468730" lon="-34.9507490">
    <ele>15.0</ele>
    <time>2026-01-22T22:44:42Z</time>
   </trkpt>
   <trkpt lat="-8.0468800" lon="-34.9507490">
    <ele>15.0</ele>
    <time>2026-01-22T22:44:43Z</time>
   </trkpt>
   <trkpt lat="-8.0469040" lon="-34.9507520">
    <ele>15.1</ele>
    <time>2026-01-22T22:44:45Z</time>
   </trkpt>
   <trkpt lat="-8.0469250" lon="-34.9507550">
    <ele>15.1</ele>
    <time>2026-01-22T22:44:46Z</time>
   </trkpt>
   <trkpt lat="-8.0469340" lon="-34.9507560">
    <ele>15.1</ele>
    <time>2026-01-22T22:44:47Z</time>
   </trkpt>
   <trkpt lat="-8.0469420" lon="-34.9507570">
    <ele>15.1</ele>
    <time>2026-01-22T22:44:48Z</time>
   </trkpt>
   <trkpt lat="-8.0469520" lon="-34.9507550">
    <ele>15.1</ele>
    <time>2026-01-22T22:44:49Z</time>
   </trkpt>
   <trkpt lat="-8.0469630" lon="-34.9507560">
    <ele>15.1</ele>
    <time>2026-01-22T22:44:50Z</time>
   </trkpt>
   <trkpt lat="-8.0469730" lon="-34.9507580">
    <ele>15.1</ele>
    <time>2026-01-22T22:44:51Z</time>
   </trkpt>
   <trkpt lat="-8.0469830" lon="-34.9507590">
    <ele>15.1</ele>
    <time>2026-01-22T22:44:52Z</time>
   </trkpt>
   <trkpt lat="-8.0470020" lon="-34.9507610">
    <ele>15.1</ele>
    <time>2026-01-22T22:44:53Z</time>
   </trkpt>
   <trkpt lat="-8.0470130" lon="-34.9507630">
    <ele>15.1</ele>
    <time>2026-01-22T22:44:54Z</time>
   </trkpt>
   <trkpt lat="-8.0470240" lon="-34.9507640">
    <ele>15.1</ele>
    <time>2026-01-22T22:44:55Z</time>
   </trkpt>
   <trkpt lat="-8.0470290" lon="-34.9507650">
    <ele>15.1</ele>
    <time>2026-01-22T22:44:56Z</time>
   </trkpt>
   <trkpt lat="-8.0470370" lon="-34.9507660">
    <ele>15.1</ele>
    <time>2026-01-22T22:44:57Z</time>
   </trkpt>
   <trkpt lat="-8.0470460" lon="-34.9507650">
    <ele>15.1</ele>
    <time>2026-01-22T22:44:58Z</time>
   </trkpt>
   <trkpt lat="-8.0470560" lon="-34.9507640">
    <ele>15.1</ele>
    <time>2026-01-22T22:44:59Z</time>
   </trkpt>
   <trkpt lat="-8.0470670" lon="-34.9507640">
    <ele>15.1</ele>
    <time>2026-01-22T22:45:00Z</time>
   </trkpt>
   <trkpt lat="-8.0470790" lon="-34.9507650">
    <ele>15.1</ele>
    <time>2026-01-22T22:45:01Z</time>
   </trkpt>
   <trkpt lat="-8.0470890" lon="-34.9507650">
    <ele>15.1</ele>
    <time>2026-01-22T22:45:02Z</time>
   </trkpt>
   <trkpt lat="-8.0471080" lon="-34.9507660">
    <ele>15.1</ele>
    <time>2026-01-22T22:45:03Z</time>
   </trkpt>
   <trkpt lat="-8.0471170" lon="-34.9507660">
    <ele>15.1</ele>
    <time>2026-01-22T22:45:04Z</time>
   </trkpt>
   <trkpt lat="-8.0471260" lon="-34.9507670">
    <ele>15.1</ele>
    <time>2026-01-22T22:45:05Z</time>
   </trkpt>
   <trkpt lat="-8.0471450" lon="-34.9507690">
    <ele>15.2</ele>
    <time>2026-01-22T22:45:06Z</time>
   </trkpt>
   <trkpt lat="-8.0471530" lon="-34.9507710">
    <ele>15.2</ele>
    <time>2026-01-22T22:45:07Z</time>
   </trkpt>
   <trkpt lat="-8.0471610" lon="-34.9507700">
    <ele>15.2</ele>
    <time>2026-01-22T22:45:08Z</time>
   </trkpt>
   <trkpt lat="-8.0471650" lon="-34.9507720">
    <ele>15.2</ele>
    <time>2026-01-22T22:45:09Z</time>
   </trkpt>
   <trkpt lat="-8.0471830" lon="-34.9507780">
    <ele>15.2</ele>
    <time>2026-01-22T22:45:10Z</time>
   </trkpt>
   <trkpt lat="-8.0472090" lon="-34.9507850">
    <ele>15.2</ele>
    <time>2026-01-22T22:45:11Z</time>
   </trkpt>
   <trkpt lat="-8.0472190" lon="-34.9507880">
    <ele>15.2</ele>
    <time>2026-01-22T22:45:12Z</time>
   </trkpt>
   <trkpt lat="-8.0472560" lon="-34.9507910">
    <ele>15.2</ele>
    <time>2026-01-22T22:45:13Z</time>
   </trkpt>
   <trkpt lat="-8.0472730" lon="-34.9507890">
    <ele>15.2</ele>
    <time>2026-01-22T22:45:14Z</time>
   </trkpt>
   <trkpt lat="-8.0473010" lon="-34.9507900">
    <ele>15.2</ele>
    <time>2026-01-22T22:45:15Z</time>
   </trkpt>
   <trkpt lat="-8.0473330" lon="-34.9507890">
    <ele>15.2</ele>
    <time>2026-01-22T22:45:16Z</time>
   </trkpt>
   <trkpt lat="-8.0473430" lon="-34.9507880">
    <ele>15.2</ele>
    <time>2026-01-22T22:45:17Z</time>
   </trkpt>
   <trkpt lat="-8.0473760" lon="-34.9507890">
    <ele>15.2</ele>
    <time>2026-01-22T22:45:18Z</time>
   </trkpt>
   <trkpt lat="-8.0473870" lon="-34.9507890">
    <ele>15.2</ele>
    <time>2026-01-22T22:45:19Z</time>
   </trkpt>
   <trkpt lat="-8.0474170" lon="-34.9507890">
    <ele>15.2</ele>
    <time>2026-01-22T22:45:20Z</time>
   </trkpt>
   <trkpt lat="-8.0474280" lon="-34.9507900">
    <ele>15.2</ele>
    <time>2026-01-22T22:45:21Z</time>
   </trkpt>
   <trkpt lat="-8.0474630" lon="-34.9507920">
    <ele>15.2</ele>
    <time>2026-01-22T22:45:22Z</time>
   </trkpt>
   <trkpt lat="-8.0474730" lon="-34.9507930">
    <ele>15.2</ele>
    <time>2026-01-22T22:45:23Z</time>
   </trkpt>
   <trkpt lat="-8.0475030" lon="-34.9507960">
    <ele>15.2</ele>
    <time>2026-01-22T22:45:24Z</time>
   </trkpt>
   <trkpt lat="-8.0475120" lon="-34.9507970">
    <ele>15.2</ele>
    <time>2026-01-22T22:45:25Z</time>
   </trkpt>
   <trkpt lat="-8.0475430" lon="-34.9507990">
    <ele>15.2</ele>
    <time>2026-01-22T22:45:26Z</time>
   </trkpt>
   <trkpt lat="-8.0475530" lon="-34.9508000">
    <ele>15.2</ele>
    <time>2026-01-22T22:45:27Z</time>
   </trkpt>
   <trkpt lat="-8.0475810" lon="-34.9508020">
    <ele>15.2</ele>
    <time>2026-01-22T22:45:28Z</time>
   </trkpt>
   <trkpt lat="-8.0475930" lon="-34.9508010">
    <ele>15.2</ele>
    <time>2026-01-22T22:45:29Z</time>
   </trkpt>
   <trkpt lat="-8.0476230" lon="-34.9508030">
    <ele>15.2</ele>
    <time>2026-01-22T22:45:30Z</time>
   </trkpt>
   <trkpt lat="-8.0476340" lon="-34.9508040">
    <ele>15.2</ele>
    <time>2026-01-22T22:45:31Z</time>
   </trkpt>
   <trkpt lat="-8.0476670" lon="-34.9508050">
    <ele>15.3</ele>
    <time>2026-01-22T22:45:32Z</time>
   </trkpt>
   <trkpt lat="-8.0476760" lon="-34.9508060">
    <ele>15.3</ele>
    <time>2026-01-22T22:45:33Z</time>
   </trkpt>
   <trkpt lat="-8.0477070" lon="-34.9508100">
    <ele>15.3</ele>
    <time>2026-01-22T22:45:34Z</time>
   </trkpt>
   <trkpt lat="-8.0477170" lon="-34.9508120">
    <ele>15.3</ele>
    <time>2026-01-22T22:45:35Z</time>
   </trkpt>
   <trkpt lat="-8.0477540" lon="-34.9508170">
    <ele>15.3</ele>
    <time>2026-01-22T22:45:36Z</time>
   </trkpt>
   <trkpt lat="-8.0477680" lon="-34.9508190">
    <ele>15.3</ele>
    <time>2026-01-22T22:45:37Z</time>
   </trkpt>
   <trkpt lat="-8.0478000" lon="-34.9508190">
    <ele>15.3</ele>
    <time>2026-01-22T22:45:38Z</time>
   </trkpt>
   <trkpt lat="-8.0478110" lon="-34.9508190">
    <ele>15.3</ele>
    <time>2026-01-22T22:45:39Z</time>
   </trkpt>
   <trkpt lat="-8.0478470" lon="-34.9508220">
    <ele>15.3</ele>
    <time>2026-01-22T22:45:40Z</time>
   </trkpt>
   <trkpt lat="-8.0478580" lon="-34.9508230">
    <ele>15.3</ele>
    <time>2026-01-22T22:45:41Z</time>
   </trkpt>
   <trkpt lat="-8.0478850" lon="-34.9508260">
    <ele>15.3</ele>
    <time>2026-01-22T22:45:42Z</time>
   </trkpt>
   <trkpt lat="-8.0479210" lon="-34.9508310">
    <ele>15.3</ele>
    <time>2026-01-22T22:45:43Z</time>
   </trkpt>
   <trkpt lat="-8.0479330" lon="-34.9508320">
    <ele>15.3</ele>
    <time>2026-01-22T22:45:44Z</time>
   </trkpt>
   <trkpt lat="-8.0479680" lon="-34.9508340">
    <ele>15.3</ele>
    <time>2026-01-22T22:45:45Z</time>
   </trkpt>
   <trkpt lat="-8.0479770" lon="-34.9508350">
    <ele>15.3</ele>
    <time>2026-01-22T22:45:46Z</time>
   </trkpt>
   <trkpt lat="-8.0480090" lon="-34.9508370">
    <ele>15.3</ele>
    <time>2026-01-22T22:45:47Z</time>
   </trkpt>
   <trkpt lat="-8.0480200" lon="-34.9508390">
    <ele>15.3</ele>
    <time>2026-01-22T22:45:48Z</time>
   </trkpt>
   <trkpt lat="-8.0480360" lon="-34.9508410">
    <ele>15.3</ele>
    <time>2026-01-22T22:45:49Z</time>
   </trkpt>
   <trkpt lat="-8.0480490" lon="-34.9508420">
    <ele>15.3</ele>
    <time>2026-01-22T22:45:50Z</time>
   </trkpt>
   <trkpt lat="-8.0480600" lon="-34.9508440">
    <ele>15.4</ele>
    <time>2026-01-22T22:45:51Z</time>
   </trkpt>
   <trkpt lat="-8.0480790" lon="-34.9508450">
    <ele>15.4</ele>
    <time>2026-01-22T22:45:52Z</time>
   </trkpt>
   <trkpt lat="-8.0481110" lon="-34.9508460">
    <ele>15.4</ele>
    <time>2026-01-22T22:45:53Z</time>
   </trkpt>
   <trkpt lat="-8.0481230" lon="-34.9508470">
    <ele>15.4</ele>
    <time>2026-01-22T22:45:54Z</time>
   </trkpt>
   <trkpt lat="-8.0481570" lon="-34.9508490">
    <ele>15.4</ele>
    <time>2026-01-22T22:45:55Z</time>
   </trkpt>
   <trkpt lat="-8.0481660" lon="-34.9508500">
    <ele>15.4</ele>
    <time>2026-01-22T22:45:56Z</time>
   </trkpt>
   <trkpt lat="-8.0482000" lon="-34.9508540">
    <ele>15.5</ele>
    <time>2026-01-22T22:45:57Z</time>
   </trkpt>
   <trkpt lat="-8.0482110" lon="-34.9508560">
    <ele>15.5</ele>
    <time>2026-01-22T22:45:58Z</time>
   </trkpt>
   <trkpt lat="-8.0482450" lon="-34.9508570">
    <ele>15.5</ele>
    <time>2026-01-22T22:45:59Z</time>
   </trkpt>
   <trkpt lat="-8.0482560" lon="-34.9508580">
    <ele>15.5</ele>
    <time>2026-01-22T22:46:00Z</time>
   </trkpt>
   <trkpt lat="-8.0482860" lon="-34.9508590">
    <ele>15.5</ele>
    <time>2026-01-22T22:46:01Z</time>
   </trkpt>
   <trkpt lat="-8.0482960" lon="-34.9508600">
    <ele>15.5</ele>
    <time>2026-01-22T22:46:02Z</time>
   </trkpt>
   <trkpt lat="-8.0483290" lon="-34.9508610">
    <ele>15.5</ele>
    <time>2026-01-22T22:46:03Z</time>
   </trkpt>
   <trkpt lat="-8.0483400" lon="-34.9508620">
    <ele>15.5</ele>
    <time>2026-01-22T22:46:04Z</time>
   </trkpt>
   <trkpt lat="-8.0483700" lon="-34.9508630">
    <ele>15.5</ele>
    <time>2026-01-22T22:46:05Z</time>
   </trkpt>
   <trkpt lat="-8.0483800" lon="-34.9508650">
    <ele>15.5</ele>
    <time>2026-01-22T22:46:06Z</time>
   </trkpt>
   <trkpt lat="-8.0484000" lon="-34.9508850">
    <ele>15.5</ele>
    <time>2026-01-22T22:46:07Z</time>
   </trkpt>
   <trkpt lat="-8.0484050" lon="-34.9508930">
    <ele>15.5</ele>
    <time>2026-01-22T22:46:08Z</time>
   </trkpt>
   <trkpt lat="-8.0484140" lon="-34.9509060">
    <ele>15.5</ele>
    <time>2026-01-22T22:46:09Z</time>
   </trkpt>
   <trkpt lat="-8.0484220" lon="-34.9509200">
    <ele>15.5</ele>
    <time>2026-01-22T22:46:10Z</time>
   </trkpt>
   <trkpt lat="-8.0484280" lon="-34.9509360">
    <ele>15.5</ele>
    <time>2026-01-22T22:46:11Z</time>
   </trkpt>
   <trkpt lat="-8.0484330" lon="-34.9509500">
    <ele>15.6</ele>
    <time>2026-01-22T22:46:12Z</time>
   </trkpt>
   <trkpt lat="-8.0484380" lon="-34.9509660">
    <ele>15.6</ele>
    <time>2026-01-22T22:46:13Z</time>
   </trkpt>
   <trkpt lat="-8.0484440" lon="-34.9509800">
    <ele>15.6</ele>
    <time>2026-01-22T22:46:14Z</time>
   </trkpt>
   <trkpt lat="-8.0484510" lon="-34.9509970">
    <ele>15.6</ele>
    <time>2026-01-22T22:46:15Z</time>
   </trkpt>
   <trkpt lat="-8.0484560" lon="-34.9510070">
    <ele>15.6</ele>
    <time>2026-01-22T22:46:16Z</time>
   </trkpt>
   <trkpt lat="-8.0484580" lon="-34.9510230">
    <ele>15.6</ele>
    <time>2026-01-22T22:46:17Z</time>
   </trkpt>
   <trkpt lat="-8.0484580" lon="-34.9510390">
    <ele>15.7</ele>
    <time>2026-01-22T22:46:18Z</time>
   </trkpt>
   <trkpt lat="-8.0484570" lon="-34.9510570">
    <ele>15.7</ele>
    <time>2026-01-22T22:46:19Z</time>
   </trkpt>
   <trkpt lat="-8.0484530" lon="-34.9510740">
    <ele>15.7</ele>
    <time>2026-01-22T22:46:20Z</time>
   </trkpt>
   <trkpt lat="-8.0484490" lon="-34.9511100">
    <ele>15.7</ele>
    <time>2026-01-22T22:46:21Z</time>
   </trkpt>
   <trkpt lat="-8.0484470" lon="-34.9511200">
    <ele>15.7</ele>
    <time>2026-01-22T22:46:22Z</time>
   </trkpt>
   <trkpt lat="-8.0484370" lon="-34.9511530">
    <ele>15.8</ele>
    <time>2026-01-22T22:46:23Z</time>
   </trkpt>
   <trkpt lat="-8.0484320" lon="-34.9511640">
    <ele>15.8</ele>
    <time>2026-01-22T22:46:24Z</time>
   </trkpt>
   <trkpt lat="-8.0484250" lon="-34.9511810">
    <ele>15.8</ele>
    <time>2026-01-22T22:46:25Z</time>
   </trkpt>
   <trkpt lat="-8.0484190" lon="-34.9511970">
    <ele>15.8</ele>
    <time>2026-01-22T22:46:26Z</time>
   </trkpt>
   <trkpt lat="-8.0484140" lon="-34.9512160">
    <ele>15.8</ele>
    <time>2026-01-22T22:46:27Z</time>
   </trkpt>
   <trkpt lat="-8.0484120" lon="-34.9512260">
    <ele>15.8</ele>
    <time>2026-01-22T22:46:28Z</time>
   </trkpt>
   <trkpt lat="-8.0484110" lon="-34.9512350">
    <ele>15.8</ele>
    <time>2026-01-22T22:46:29Z</time>
   </trkpt>
   <trkpt lat="-8.0484110" lon="-34.9512500">
    <ele>15.8</ele>
    <time>2026-01-22T22:46:30Z</time>
   </trkpt>
   <trkpt lat="-8.0484100" lon="-34.9512640">
    <ele>15.8</ele>
    <time>2026-01-22T22:46:31Z</time>
   </trkpt>
   <trkpt lat="-8.0484090" lon="-34.9512790">
    <ele>15.8</ele>
    <time>2026-01-22T22:46:32Z</time>
   </trkpt>
   <trkpt lat="-8.0484070" lon="-34.9512990">
    <ele>15.8</ele>
    <time>2026-01-22T22:46:33Z</time>
   </trkpt>
   <trkpt lat="-8.0484050" lon="-34.9513130">
    <ele>15.8</ele>
    <time>2026-01-22T22:46:34Z</time>
   </trkpt>
   <trkpt lat="-8.0484020" lon="-34.9513320">
    <ele>15.8</ele>
    <time>2026-01-22T22:46:35Z</time>
   </trkpt>
   <trkpt lat="-8.0483980" lon="-34.9513600">
    <ele>15.8</ele>
    <time>2026-01-22T22:46:36Z</time>
   </trkpt>
   <trkpt lat="-8.0483960" lon="-34.9513690">
    <ele>15.8</ele>
    <time>2026-01-22T22:46:37Z</time>
   </trkpt>
   <trkpt lat="-8.0483940" lon="-34.9514000">
    <ele>15.8</ele>
    <time>2026-01-22T22:46:38Z</time>
   </trkpt>
   <trkpt lat="-8.0483930" lon="-34.9514100">
    <ele>15.8</ele>
    <time>2026-01-22T22:46:39Z</time>
   </trkpt>
   <trkpt lat="-8.0483910" lon="-34.9514450">
    <ele>15.8</ele>
    <time>2026-01-22T22:46:40Z</time>
   </trkpt>
   <trkpt lat="-8.0483890" lon="-34.9514570">
    <ele>15.8</ele>
    <time>2026-01-22T22:46:41Z</time>
   </trkpt>
   <trkpt lat="-8.0483860" lon="-34.9514950">
    <ele>15.8</ele>
    <time>2026-01-22T22:46:42Z</time>
   </trkpt>
   <trkpt lat="-8.0483850" lon="-34.9515060">
    <ele>15.8</ele>
    <time>2026-01-22T22:46:43Z</time>
   </trkpt>
   <trkpt lat="-8.0483800" lon="-34.9515420">
    <ele>15.8</ele>
    <time>2026-01-22T22:46:44Z</time>
   </trkpt>
   <trkpt lat="-8.0483780" lon="-34.9515530">
    <ele>15.8</ele>
    <time>2026-01-22T22:46:45Z</time>
   </trkpt>
   <trkpt lat="-8.0483750" lon="-34.9515870">
    <ele>15.8</ele>
    <time>2026-01-22T22:46:46Z</time>
   </trkpt>
   <trkpt lat="-8.0483730" lon="-34.9515950">
    <ele>15.8</ele>
    <time>2026-01-22T22:46:47Z</time>
   </trkpt>
   <trkpt lat="-8.0483700" lon="-34.9516210">
    <ele>15.8</ele>
    <time>2026-01-22T22:46:48Z</time>
   </trkpt>
   <trkpt lat="-8.0483690" lon="-34.9516310">
    <ele>15.8</ele>
    <time>2026-01-22T22:46:49Z</time>
   </trkpt>
   <trkpt lat="-8.0483690" lon="-34.9516480">
    <ele>15.8</ele>
    <time>2026-01-22T22:46:50Z</time>
   </trkpt>
   <trkpt lat="-8.0483680" lon="-34.9516660">
    <ele>15.8</ele>
    <time>2026-01-22T22:46:51Z</time>
   </trkpt>
   <trkpt lat="-8.0483670" lon="-34.9516830">
    <ele>15.8</ele>
    <time>2026-01-22T22:46:52Z</time>
   </trkpt>
   <trkpt lat="-8.0483660" lon="-34.9517010">
    <ele>15.8</ele>
    <time>2026-01-22T22:46:53Z</time>
   </trkpt>
   <trkpt lat="-8.0483640" lon="-34.9517280">
    <ele>15.8</ele>
    <time>2026-01-22T22:46:54Z</time>
   </trkpt>
   <trkpt lat="-8.0483620" lon="-34.9517380">
    <ele>15.8</ele>
    <time>2026-01-22T22:46:55Z</time>
   </trkpt>
   <trkpt lat="-8.0483570" lon="-34.9517680">
    <ele>15.8</ele>
    <time>2026-01-22T22:46:56Z</time>
   </trkpt>
   <trkpt lat="-8.0483560" lon="-34.9517790">
    <ele>15.8</ele>
    <time>2026-01-22T22:46:57Z</time>
   </trkpt>
   <trkpt lat="-8.0483530" lon="-34.9518140">
    <ele>15.8</ele>
    <time>2026-01-22T22:46:58Z</time>
   </trkpt>
   <trkpt lat="-8.0483510" lon="-34.9518280">
    <ele>15.8</ele>
    <time>2026-01-22T22:46:59Z</time>
   </trkpt>
   <trkpt lat="-8.0483480" lon="-34.9518570">
    <ele>15.8</ele>
    <time>2026-01-22T22:47:00Z</time>
   </trkpt>
   <trkpt lat="-8.0483460" lon="-34.9518700">
    <ele>15.8</ele>
    <time>2026-01-22T22:47:01Z</time>
   </trkpt>
   <trkpt lat="-8.0483420" lon="-34.9519010">
    <ele>15.8</ele>
    <time>2026-01-22T22:47:02Z</time>
   </trkpt>
   <trkpt lat="-8.0483410" lon="-34.9519110">
    <ele>15.8</ele>
    <time>2026-01-22T22:47:03Z</time>
   </trkpt>
   <trkpt lat="-8.0483390" lon="-34.9519410">
    <ele>15.8</ele>
    <time>2026-01-22T22:47:04Z</time>
   </trkpt>
   <trkpt lat="-8.0483380" lon="-34.9519500">
    <ele>15.8</ele>
    <time>2026-01-22T22:47:05Z</time>
   </trkpt>
   <trkpt lat="-8.0483350" lon="-34.9519680">
    <ele>15.8</ele>
    <time>2026-01-22T22:47:06Z</time>
   </trkpt>
   <trkpt lat="-8.0483340" lon="-34.9519840">
    <ele>15.8</ele>
    <time>2026-01-22T22:47:07Z</time>
   </trkpt>
   <trkpt lat="-8.0483330" lon="-34.9520160">
    <ele>15.8</ele>
    <time>2026-01-22T22:47:08Z</time>
   </trkpt>
   <trkpt lat="-8.0483320" lon="-34.9520240">
    <ele>15.8</ele>
    <time>2026-01-22T22:47:09Z</time>
   </trkpt>
   <trkpt lat="-8.0483290" lon="-34.9520520">
    <ele>15.8</ele>
    <time>2026-01-22T22:47:10Z</time>
   </trkpt>
   <trkpt lat="-8.0483270" lon="-34.9520610">
    <ele>15.8</ele>
    <time>2026-01-22T22:47:11Z</time>
   </trkpt>
   <trkpt lat="-8.0483240" lon="-34.9520940">
    <ele>15.8</ele>
    <time>2026-01-22T22:47:12Z</time>
   </trkpt>
   <trkpt lat="-8.0483230" lon="-34.9521030">
    <ele>15.8</ele>
    <time>2026-01-22T22:47:13Z</time>
   </trkpt>
   <trkpt lat="-8.0483190" lon="-34.9521320">
    <ele>15.8</ele>
    <time>2026-01-22T22:47:14Z</time>
   </trkpt>
   <trkpt lat="-8.0483180" lon="-34.9521420">
    <ele>15.8</ele>
    <time>2026-01-22T22:47:15Z</time>
   </trkpt>
   <trkpt lat="-8.0483150" lon="-34.9521710">
    <ele>15.8</ele>
    <time>2026-01-22T22:47:16Z</time>
   </trkpt>
   <trkpt lat="-8.0483130" lon="-34.9521820">
    <ele>15.8</ele>
    <time>2026-01-22T22:47:17Z</time>
   </trkpt>
   <trkpt lat="-8.0483100" lon="-34.9522120">
    <ele>15.8</ele>
    <time>2026-01-22T22:47:18Z</time>
   </trkpt>
   <trkpt lat="-8.0483080" lon="-34.9522220">
    <ele>15.8</ele>
    <time>2026-01-22T22:47:19Z</time>
   </trkpt>
   <trkpt lat="-8.0483060" lon="-34.9522380">
    <ele>15.9</ele>
    <time>2026-01-22T22:47:20Z</time>
   </trkpt>
   <trkpt lat="-8.0483030" lon="-34.9522580">
    <ele>15.9</ele>
    <time>2026-01-22T22:47:21Z</time>
   </trkpt>
   <trkpt lat="-8.0483010" lon="-34.9522900">
    <ele>15.9</ele>
    <time>2026-01-22T22:47:22Z</time>
   </trkpt>
   <trkpt lat="-8.0483000" lon="-34.9523000">
    <ele>15.9</ele>
    <time>2026-01-22T22:47:23Z</time>
   </trkpt>
   <trkpt lat="-8.0482990" lon="-34.9523340">
    <ele>15.9</ele>
    <time>2026-01-22T22:47:24Z</time>
   </trkpt>
   <trkpt lat="-8.0482980" lon="-34.9523440">
    <ele>15.9</ele>
    <time>2026-01-22T22:47:25Z</time>
   </trkpt>
   <trkpt lat="-8.0482940" lon="-34.9523760">
    <ele>15.8</ele>
    <time>2026-01-22T22:47:26Z</time>
   </trkpt>
   <trkpt lat="-8.0482930" lon="-34.9523860">
    <ele>15.8</ele>
    <time>2026-01-22T22:47:27Z</time>
   </trkpt>
   <trkpt lat="-8.0482910" lon="-34.9524140">
    <ele>15.8</ele>
    <time>2026-01-22T22:47:28Z</time>
   </trkpt>
   <trkpt lat="-8.0482900" lon="-34.9524230">
    <ele>15.8</ele>
    <time>2026-01-22T22:47:29Z</time>
   </trkpt>
   <trkpt lat="-8.0482880" lon="-34.9524580">
    <ele>15.8</ele>
    <time>2026-01-22T22:47:30Z</time>
   </trkpt>
   <trkpt lat="-8.0482870" lon="-34.9524700">
    <ele>15.8</ele>
    <time>2026-01-22T22:47:31Z</time>
   </trkpt>
   <trkpt lat="-8.0482830" lon="-34.9524970">
    <ele>15.8</ele>
    <time>2026-01-22T22:47:32Z</time>
   </trkpt>
   <trkpt lat="-8.0482810" lon="-34.9525070">
    <ele>15.8</ele>
    <time>2026-01-22T22:47:33Z</time>
   </trkpt>
   <trkpt lat="-8.0482760" lon="-34.9525410">
    <ele>15.8</ele>
    <time>2026-01-22T22:47:34Z</time>
   </trkpt>
   <trkpt lat="-8.0482740" lon="-34.9525520">
    <ele>15.8</ele>
    <time>2026-01-22T22:47:35Z</time>
   </trkpt>
   <trkpt lat="-8.0482700" lon="-34.9525900">
    <ele>15.8</ele>
    <time>2026-01-22T22:47:36Z</time>
   </trkpt>
   <trkpt lat="-8.0482690" lon="-34.9526040">
    <ele>15.8</ele>
    <time>2026-01-22T22:47:37Z</time>
   </trkpt>
   <trkpt lat="-8.0482650" lon="-34.9526390">
    <ele>15.8</ele>
    <time>2026-01-22T22:47:38Z</time>
   </trkpt>
   <trkpt lat="-8.0482630" lon="-34.9526510">
    <ele>15.8</ele>
    <time>2026-01-22T22:47:39Z</time>
   </trkpt>
   <trkpt lat="-8.0482620" lon="-34.9526850">
    <ele>15.8</ele>
    <time>2026-01-22T22:47:40Z</time>
   </trkpt>
   <trkpt lat="-8.0482630" lon="-34.9526980">
    <ele>15.8</ele>
    <time>2026-01-22T22:47:41Z</time>
   </trkpt>
   <trkpt lat="-8.0482690" lon="-34.9527330">
    <ele>15.8</ele>
    <time>2026-01-22T22:47:42Z</time>
   </trkpt>
   <trkpt lat="-8.0482710" lon="-34.9527440">
    <ele>15.8</ele>
    <time>2026-01-22T22:47:43Z</time>
   </trkpt>
   <trkpt lat="-8.0482770" lon="-34.9527800">
    <ele>15.8</ele>
    <time>2026-01-22T22:47:44Z</time>
   </trkpt>
   <trkpt lat="-8.0482780" lon="-34.9527920">
    <ele>15.8</ele>
    <time>2026-01-22T22:47:45Z</time>
   </trkpt>
   <trkpt lat="-8.0482870" lon="-34.9528310">
    <ele>15.7</ele>
    <time>2026-01-22T22:47:46Z</time>
   </trkpt>
   <trkpt lat="-8.0482900" lon="-34.9528440">
    <ele>15.7</ele>
    <time>2026-01-22T22:47:47Z</time>
   </trkpt>
   <trkpt lat="-8.0483020" lon="-34.9528810">
    <ele>15.7</ele>
    <time>2026-01-22T22:47:48Z</time>
   </trkpt>
   <trkpt lat="-8.0483050" lon="-34.9528920">
    <ele>15.7</ele>
    <time>2026-01-22T22:47:49Z</time>
   </trkpt>
   <trkpt lat="-8.0483200" lon="-34.9529200">
    <ele>15.7</ele>
    <time>2026-01-22T22:47:50Z</time>
   </trkpt>
   <trkpt lat="-8.0483250" lon="-34.9529300">
    <ele>15.7</ele>
    <time>2026-01-22T22:47:51Z</time>
   </trkpt>
   <trkpt lat="-8.0483430" lon="-34.9529600">
    <ele>15.7</ele>
    <time>2026-01-22T22:47:52Z</time>
   </trkpt>
   <trkpt lat="-8.0483480" lon="-34.9529700">
    <ele>15.7</ele>
    <time>2026-01-22T22:47:53Z</time>
   </trkpt>
   <trkpt lat="-8.0483650" lon="-34.9529960">
    <ele>15.7</ele>
    <time>2026-01-22T22:47:54Z</time>
   </trkpt>
   <trkpt lat="-8.0483710" lon="-34.9530050">
    <ele>15.7</ele>
    <time>2026-01-22T22:47:55Z</time>
   </trkpt>
   <trkpt lat="-8.0483910" lon="-34.9530260">
    <ele>15.7</ele>
    <time>2026-01-22T22:47:56Z</time>
   </trkpt>
   <trkpt lat="-8.0484140" lon="-34.9530420">
    <ele>15.7</ele>
    <time>2026-01-22T22:47:57Z</time>
   </trkpt>
   <trkpt lat="-8.0484410" lon="-34.9530630">
    <ele>15.7</ele>
    <time>2026-01-22T22:47:58Z</time>
   </trkpt>
   <trkpt lat="-8.0484490" lon="-34.9530700">
    <ele>15.7</ele>
    <time>2026-01-22T22:47:59Z</time>
   </trkpt>
   <trkpt lat="-8.0484760" lon="-34.9530870">
    <ele>15.7</ele>
    <time>2026-01-22T22:48:00Z</time>
   </trkpt>
   <trkpt lat="-8.0484860" lon="-34.9530940">
    <ele>15.7</ele>
    <time>2026-01-22T22:48:01Z</time>
   </trkpt>
   <trkpt lat="-8.0485190" lon="-34.9531090">
    <ele>15.7</ele>
    <time>2026-01-22T22:48:02Z</time>
   </trkpt>
   <trkpt lat="-8.0485320" lon="-34.9531140">
    <ele>15.7</ele>
    <time>2026-01-22T22:48:03Z</time>
   </trkpt>
   <trkpt lat="-8.0485680" lon="-34.9531280">
    <ele>15.7</ele>
    <time>2026-01-22T22:48:04Z</time>
   </trkpt>
   <trkpt lat="-8.0485800" lon="-34.9531320">
    <ele>15.7</ele>
    <time>2026-01-22T22:48:05Z</time>
   </trkpt>
   <trkpt lat="-8.0486190" lon="-34.9531340">
    <ele>15.7</ele>
    <time>2026-01-22T22:48:06Z</time>
   </trkpt>
   <trkpt lat="-8.0486310" lon="-34.9531340">
    <ele>15.7</ele>
    <time>2026-01-22T22:48:07Z</time>
   </trkpt>
   <trkpt lat="-8.0486690" lon="-34.9531260">
    <ele>15.7</ele>
    <time>2026-01-22T22:48:08Z</time>
   </trkpt>
   <trkpt lat="-8.0486800" lon="-34.9531230">
    <ele>15.7</ele>
    <time>2026-01-22T22:48:09Z</time>
   </trkpt>
   <trkpt lat="-8.0487080" lon="-34.9531200">
    <ele>15.7</ele>
    <time>2026-01-22T22:48:10Z</time>
   </trkpt>
   <trkpt lat="-8.0487460" lon="-34.9531170">
    <ele>15.7</ele>
    <time>2026-01-22T22:48:11Z</time>
   </trkpt>
   <trkpt lat="-8.0487590" lon="-34.9531160">
    <ele>15.7</ele>
    <time>2026-01-22T22:48:12Z</time>
   </trkpt>
   <trkpt lat="-8.0487930" lon="-34.9531140">
    <ele>15.7</ele>
    <time>2026-01-22T22:48:13Z</time>
   </trkpt>
   <trkpt lat="-8.0488050" lon="-34.9531150">
    <ele>15.7</ele>
    <time>2026-01-22T22:48:14Z</time>
   </trkpt>
   <trkpt lat="-8.0488380" lon="-34.9531240">
    <ele>15.7</ele>
    <time>2026-01-22T22:48:15Z</time>
   </trkpt>
   <trkpt lat="-8.0488470" lon="-34.9531290">
    <ele>15.7</ele>
    <time>2026-01-22T22:48:16Z</time>
   </trkpt>
   <trkpt lat="-8.0488720" lon="-34.9531470">
    <ele>15.7</ele>
    <time>2026-01-22T22:48:17Z</time>
   </trkpt>
   <trkpt lat="-8.0488790" lon="-34.9531540">
    <ele>15.7</ele>
    <time>2026-01-22T22:48:18Z</time>
   </trkpt>
   <trkpt lat="-8.0489050" lon="-34.9531680">
    <ele>15.7</ele>
    <time>2026-01-22T22:48:19Z</time>
   </trkpt>
   <trkpt lat="-8.0489140" lon="-34.9531720">
    <ele>15.7</ele>
    <time>2026-01-22T22:48:20Z</time>
   </trkpt>
   <trkpt lat="-8.0489330" lon="-34.9531760">
    <ele>15.7</ele>
    <time>2026-01-22T22:48:21Z</time>
   </trkpt>
   <trkpt lat="-8.0489470" lon="-34.9531800">
    <ele>15.7</ele>
    <time>2026-01-22T22:48:22Z</time>
   </trkpt>
   <trkpt lat="-8.0489630" lon="-34.9531830">
    <ele>15.7</ele>
    <time>2026-01-22T22:48:23Z</time>
   </trkpt>
   <trkpt lat="-8.0489770" lon="-34.9531850">
    <ele>15.7</ele>
    <time>2026-01-22T22:48:24Z</time>
   </trkpt>
   <trkpt lat="-8.0489940" lon="-34.9531850">
    <ele>15.7</ele>
    <time>2026-01-22T22:48:25Z</time>
   </trkpt>
   <trkpt lat="-8.0490070" lon="-34.9531840">
    <ele>15.7</ele>
    <time>2026-01-22T22:48:26Z</time>
   </trkpt>
   <trkpt lat="-8.0490240" lon="-34.9531850">
    <ele>15.7</ele>
    <time>2026-01-22T22:48:27Z</time>
   </trkpt>
   <trkpt lat="-8.0490390" lon="-34.9531860">
    <ele>15.7</ele>
    <time>2026-01-22T22:48:28Z</time>
   </trkpt>
   <trkpt lat="-8.0490660" lon="-34.9531830">
    <ele>15.8</ele>
    <time>2026-01-22T22:48:29Z</time>
   </trkpt>
   <trkpt lat="-8.0490940" lon="-34.9531790">
    <ele>15.8</ele>
    <time>2026-01-22T22:48:30Z</time>
   </trkpt>
   <trkpt lat="-8.0491280" lon="-34.9531710">
    <ele>15.8</ele>
    <time>2026-01-22T22:48:31Z</time>
   </trkpt>
   <trkpt lat="-8.0491400" lon="-34.9531680">
    <ele>15.8</ele>
    <time>2026-01-22T22:48:32Z</time>
   </trkpt>
   <trkpt lat="-8.0491740" lon="-34.9531610">
    <ele>15.8</ele>
    <time>2026-01-22T22:48:33Z</time>
   </trkpt>
   <trkpt lat="-8.0491850" lon="-34.9531600">
    <ele>15.8</ele>
    <time>2026-01-22T22:48:34Z</time>
   </trkpt>
   <trkpt lat="-8.0492200" lon="-34.9531600">
    <ele>15.8</ele>
    <time>2026-01-22T22:48:35Z</time>
   </trkpt>
   <trkpt lat="-8.0492310" lon="-34.9531620">
    <ele>15.8</ele>
    <time>2026-01-22T22:48:36Z</time>
   </trkpt>
   <trkpt lat="-8.0492660" lon="-34.9531570">
    <ele>15.8</ele>
    <time>2026-01-22T22:48:37Z</time>
   </trkpt>
   <trkpt lat="-8.0492760" lon="-34.9531540">
    <ele>15.8</ele>
    <time>2026-01-22T22:48:38Z</time>
   </trkpt>
   <trkpt lat="-8.0493060" lon="-34.9531490">
    <ele>15.8</ele>
    <time>2026-01-22T22:48:39Z</time>
   </trkpt>
   <trkpt lat="-8.0493160" lon="-34.9531470">
    <ele>15.8</ele>
    <time>2026-01-22T22:48:40Z</time>
   </trkpt>
   <trkpt lat="-8.0493470" lon="-34.9531410">
    <ele>15.8</ele>
    <time>2026-01-22T22:48:41Z</time>
   </trkpt>
   <trkpt lat="-8.0493580" lon="-34.9531380">
    <ele>15.8</ele>
    <time>2026-01-22T22:48:42Z</time>
   </trkpt>
   <trkpt lat="-8.0493910" lon="-34.9531390">
    <ele>15.8</ele>
    <time>2026-01-22T22:48:43Z</time>
   </trkpt>
   <trkpt lat="-8.0494310" lon="-34.9531360">
    <ele>15.8</ele>
    <time>2026-01-22T22:48:44Z</time>
   </trkpt>
   <trkpt lat="-8.0494460" lon="-34.9531350">
    <ele>15.8</ele>
    <time>2026-01-22T22:48:45Z</time>
   </trkpt>
   <trkpt lat="-8.0494740" lon="-34.9531350">
    <ele>15.8</ele>
    <time>2026-01-22T22:48:46Z</time>
   </trkpt>
   <trkpt lat="-8.0495140" lon="-34.9531370">
    <ele>15.8</ele>
    <time>2026-01-22T22:48:47Z</time>
   </trkpt>
   <trkpt lat="-8.0495280" lon="-34.9531370">
    <ele>15.8</ele>
    <time>2026-01-22T22:48:48Z</time>
   </trkpt>
   <trkpt lat="-8.0495560" lon="-34.9531440">
    <ele>15.8</ele>
    <time>2026-01-22T22:48:49Z</time>
   </trkpt>
   <trkpt lat="-8.0495950" lon="-34.9531480">
    <ele>15.7</ele>
    <time>2026-01-22T22:48:50Z</time>
   </trkpt>
   <trkpt lat="-8.0496070" lon="-34.9531460">
    <ele>15.6</ele>
    <time>2026-01-22T22:48:51Z</time>
   </trkpt>
   <trkpt lat="-8.0496360" lon="-34.9531420">
    <ele>15.5</ele>
    <time>2026-01-22T22:48:52Z</time>
   </trkpt>
   <trkpt lat="-8.0496640" lon="-34.9531380">
    <ele>15.5</ele>
    <time>2026-01-22T22:48:53Z</time>
   </trkpt>
   <trkpt lat="-8.0496990" lon="-34.9531350">
    <ele>15.5</ele>
    <time>2026-01-22T22:48:54Z</time>
   </trkpt>
   <trkpt lat="-8.0497270" lon="-34.9531340">
    <ele>15.5</ele>
    <time>2026-01-22T22:48:55Z</time>
   </trkpt>
   <trkpt lat="-8.0497670" lon="-34.9531400">
    <ele>15.5</ele>
    <time>2026-01-22T22:48:56Z</time>
   </trkpt>
   <trkpt lat="-8.0497800" lon="-34.9531420">
    <ele>15.5</ele>
    <time>2026-01-22T22:48:57Z</time>
   </trkpt>
   <trkpt lat="-8.0498190" lon="-34.9531470">
    <ele>15.5</ele>
    <time>2026-01-22T22:48:58Z</time>
   </trkpt>
   <trkpt lat="-8.0498310" lon="-34.9531490">
    <ele>15.5</ele>
    <time>2026-01-22T22:48:59Z</time>
   </trkpt>
   <trkpt lat="-8.0498660" lon="-34.9531530">
    <ele>15.4</ele>
    <time>2026-01-22T22:49:00Z</time>
   </trkpt>
   <trkpt lat="-8.0498770" lon="-34.9531540">
    <ele>15.4</ele>
    <time>2026-01-22T22:49:01Z</time>
   </trkpt>
   <trkpt lat="-8.0499100" lon="-34.9531590">
    <ele>15.4</ele>
    <time>2026-01-22T22:49:02Z</time>
   </trkpt>
   <trkpt lat="-8.0499230" lon="-34.9531610">
    <ele>15.4</ele>
    <time>2026-01-22T22:49:03Z</time>
   </trkpt>
   <trkpt lat="-8.0499580" lon="-34.9531620">
    <ele>15.4</ele>
    <time>2026-01-22T22:49:04Z</time>
   </trkpt>
   <trkpt lat="-8.0499690" lon="-34.9531630">
    <ele>15.4</ele>
    <time>2026-01-22T22:49:05Z</time>
   </trkpt>
   <trkpt lat="-8.0500030" lon="-34.9531640">
    <ele>15.4</ele>
    <time>2026-01-22T22:49:06Z</time>
   </trkpt>
   <trkpt lat="-8.0500160" lon="-34.9531640">
    <ele>15.4</ele>
    <time>2026-01-22T22:49:07Z</time>
   </trkpt>
   <trkpt lat="-8.0500500" lon="-34.9531640">
    <ele>15.4</ele>
    <time>2026-01-22T22:49:08Z</time>
   </trkpt>
   <trkpt lat="-8.0500620" lon="-34.9531640">
    <ele>15.4</ele>
    <time>2026-01-22T22:49:09Z</time>
   </trkpt>
   <trkpt lat="-8.0500950" lon="-34.9531660">
    <ele>15.4</ele>
    <time>2026-01-22T22:49:10Z</time>
   </trkpt>
   <trkpt lat="-8.0501050" lon="-34.9531670">
    <ele>15.4</ele>
    <time>2026-01-22T22:49:11Z</time>
   </trkpt>
   <trkpt lat="-8.0501380" lon="-34.9531700">
    <ele>15.4</ele>
    <time>2026-01-22T22:49:12Z</time>
   </trkpt>
   <trkpt lat="-8.0501480" lon="-34.9531720">
    <ele>15.4</ele>
    <time>2026-01-22T22:49:13Z</time>
   </trkpt>
   <trkpt lat="-8.0501820" lon="-34.9531760">
    <ele>15.3</ele>
    <time>2026-01-22T22:49:14Z</time>
   </trkpt>
   <trkpt lat="-8.0501930" lon="-34.9531770">
    <ele>15.3</ele>
    <time>2026-01-22T22:49:15Z</time>
   </trkpt>
   <trkpt lat="-8.0502280" lon="-34.9531810">
    <ele>15.3</ele>
    <time>2026-01-22T22:49:16Z</time>
   </trkpt>
   <trkpt lat="-8.0502400" lon="-34.9531820">
    <ele>15.3</ele>
    <time>2026-01-22T22:49:17Z</time>
   </trkpt>
   <trkpt lat="-8.0502740" lon="-34.9531840">
    <ele>15.3</ele>
    <time>2026-01-22T22:49:18Z</time>
   </trkpt>
   <trkpt lat="-8.0502840" lon="-34.9531860">
    <ele>15.3</ele>
    <time>2026-01-22T22:49:19Z</time>
   </trkpt>
   <trkpt lat="-8.0503000" lon="-34.9531870">
    <ele>15.3</ele>
    <time>2026-01-22T22:49:20Z</time>
   </trkpt>
   <trkpt lat="-8.0503200" lon="-34.9531890">
    <ele>15.3</ele>
    <time>2026-01-22T22:49:21Z</time>
   </trkpt>
   <trkpt lat="-8.0503490" lon="-34.9531910">
    <ele>15.3</ele>
    <time>2026-01-22T22:49:22Z</time>
   </trkpt>
   <trkpt lat="-8.0503590" lon="-34.9531920">
    <ele>15.3</ele>
    <time>2026-01-22T22:49:23Z</time>
   </trkpt>
   <trkpt lat="-8.0503940" lon="-34.9531940">
    <ele>15.2</ele>
    <time>2026-01-22T22:49:24Z</time>
   </trkpt>
   <trkpt lat="-8.0504060" lon="-34.9531950">
    <ele>15.2</ele>
    <time>2026-01-22T22:49:25Z</time>
   </trkpt>
   <trkpt lat="-8.0504410" lon="-34.9531960">
    <ele>15.2</ele>
    <time>2026-01-22T22:49:26Z</time>
   </trkpt>
   <trkpt lat="-8.0504530" lon="-34.9531980">
    <ele>15.2</ele>
    <time>2026-01-22T22:49:27Z</time>
   </trkpt>
   <trkpt lat="-8.0504910" lon="-34.9532020">
    <ele>15.2</ele>
    <time>2026-01-22T22:49:28Z</time>
   </trkpt>
   <trkpt lat="-8.0505040" lon="-34.9532030">
    <ele>15.2</ele>
    <time>2026-01-22T22:49:29Z</time>
   </trkpt>
   <trkpt lat="-8.0505410" lon="-34.9532090">
    <ele>15.2</ele>
    <time>2026-01-22T22:49:30Z</time>
   </trkpt>
   <trkpt lat="-8.0505540" lon="-34.9532110">
    <ele>15.2</ele>
    <time>2026-01-22T22:49:31Z</time>
   </trkpt>
   <trkpt lat="-8.0505910" lon="-34.9532180">
    <ele>15.2</ele>
    <time>2026-01-22T22:49:32Z</time>
   </trkpt>
   <trkpt lat="-8.0506070" lon="-34.9532210">
    <ele>15.2</ele>
    <time>2026-01-22T22:49:33Z</time>
   </trkpt>
   <trkpt lat="-8.0506410" lon="-34.9532180">
    <ele>15.2</ele>
    <time>2026-01-22T22:49:34Z</time>
   </trkpt>
   <trkpt lat="-8.0506530" lon="-34.9532150">
    <ele>15.2</ele>
    <time>2026-01-22T22:49:35Z</time>
   </trkpt>
   <trkpt lat="-8.0506750" lon="-34.9532090">
    <ele>15.1</ele>
    <time>2026-01-22T22:49:36Z</time>
   </trkpt>
   <trkpt lat="-8.0507190" lon="-34.9531900">
    <ele>15.1</ele>
    <time>2026-01-22T22:49:38Z</time>
   </trkpt>
   <trkpt lat="-8.0507410" lon="-34.9531800">
    <ele>15.1</ele>
    <time>2026-01-22T22:49:39Z</time>
   </trkpt>
   <trkpt lat="-8.0507820" lon="-34.9531710">
    <ele>15.1</ele>
    <time>2026-01-22T22:49:40Z</time>
   </trkpt>
   <trkpt lat="-8.0507980" lon="-34.9531670">
    <ele>15.1</ele>
    <time>2026-01-22T22:49:41Z</time>
   </trkpt>
   <trkpt lat="-8.0508350" lon="-34.9531580">
    <ele>15.0</ele>
    <time>2026-01-22T22:49:42Z</time>
   </trkpt>
   <trkpt lat="-8.0508480" lon="-34.9531550">
    <ele>15.0</ele>
    <time>2026-01-22T22:49:43Z</time>
   </trkpt>
   <trkpt lat="-8.0508800" lon="-34.9531490">
    <ele>15.0</ele>
    <time>2026-01-22T22:49:44Z</time>
   </trkpt>
   <trkpt lat="-8.0509080" lon="-34.9531440">
    <ele>15.0</ele>
    <time>2026-01-22T22:49:45Z</time>
   </trkpt>
   <trkpt lat="-8.0509510" lon="-34.9531350">
    <ele>15.0</ele>
    <time>2026-01-22T22:49:46Z</time>
   </trkpt>
   <trkpt lat="-8.0509830" lon="-34.9531300">
    <ele>15.0</ele>
    <time>2026-01-22T22:49:47Z</time>
   </trkpt>
   <trkpt lat="-8.0510230" lon="-34.9531240">
    <ele>15.0</ele>
    <time>2026-01-22T22:49:48Z</time>
   </trkpt>
   <trkpt lat="-8.0510370" lon="-34.9531210">
    <ele>14.9</ele>
    <time>2026-01-22T22:49:49Z</time>
   </trkpt>
   <trkpt lat="-8.0510710" lon="-34.9531200">
    <ele>14.9</ele>
    <time>2026-01-22T22:49:50Z</time>
   </trkpt>
   <trkpt lat="-8.0510800" lon="-34.9531180">
    <ele>14.9</ele>
    <time>2026-01-22T22:49:51Z</time>
   </trkpt>
   <trkpt lat="-8.0511050" lon="-34.9531130">
    <ele>14.9</ele>
    <time>2026-01-22T22:49:52Z</time>
   </trkpt>
   <trkpt lat="-8.0511160" lon="-34.9531120">
    <ele>14.9</ele>
    <time>2026-01-22T22:49:53Z</time>
   </trkpt>
   <trkpt lat="-8.0511540" lon="-34.9531090">
    <ele>14.9</ele>
    <time>2026-01-22T22:49:54Z</time>
   </trkpt>
   <trkpt lat="-8.0511680" lon="-34.9531090">
    <ele>14.9</ele>
    <time>2026-01-22T22:49:55Z</time>
   </trkpt>
   <trkpt lat="-8.0512050" lon="-34.9531140">
    <ele>14.9</ele>
    <time>2026-01-22T22:49:56Z</time>
   </trkpt>
   <trkpt lat="-8.0512170" lon="-34.9531170">
    <ele>14.9</ele>
    <time>2026-01-22T22:49:57Z</time>
   </trkpt>
   <trkpt lat="-8.0512510" lon="-34.9531270">
    <ele>14.9</ele>
    <time>2026-01-22T22:49:58Z</time>
   </trkpt>
   <trkpt lat="-8.0512610" lon="-34.9531310">
    <ele>14.9</ele>
    <time>2026-01-22T22:49:59Z</time>
   </trkpt>
   <trkpt lat="-8.0512910" lon="-34.9531400">
    <ele>14.9</ele>
    <time>2026-01-22T22:50:00Z</time>
   </trkpt>
   <trkpt lat="-8.0513010" lon="-34.9531430">
    <ele>14.9</ele>
    <time>2026-01-22T22:50:01Z</time>
   </trkpt>
   <trkpt lat="-8.0513340" lon="-34.9531500">
    <ele>14.9</ele>
    <time>2026-01-22T22:50:02Z</time>
   </trkpt>
   <trkpt lat="-8.0513450" lon="-34.9531530">
    <ele>14.9</ele>
    <time>2026-01-22T22:50:03Z</time>
   </trkpt>
   <trkpt lat="-8.0513800" lon="-34.9531590">
    <ele>14.9</ele>
    <time>2026-01-22T22:50:04Z</time>
   </trkpt>
   <trkpt lat="-8.0513910" lon="-34.9531610">
    <ele>14.9</ele>
    <time>2026-01-22T22:50:05Z</time>
   </trkpt>
   <trkpt lat="-8.0514000" lon="-34.9531580">
    <ele>14.9</ele>
    <time>2026-01-22T22:50:06Z</time>
   </trkpt>
   <trkpt lat="-8.0514200" lon="-34.9531550">
    <ele>14.9</ele>
    <time>2026-01-22T22:50:07Z</time>
   </trkpt>
   <trkpt lat="-8.0514470" lon="-34.9531520">
    <ele>14.9</ele>
    <time>2026-01-22T22:50:08Z</time>
   </trkpt>
   <trkpt lat="-8.0514580" lon="-34.9531510">
    <ele>14.9</ele>
    <time>2026-01-22T22:50:09Z</time>
   </trkpt>
   <trkpt lat="-8.0514750" lon="-34.9531510">
    <ele>14.9</ele>
    <time>2026-01-22T22:50:10Z</time>
   </trkpt>
   <trkpt lat="-8.0514900" lon="-34.9531510">
    <ele>14.9</ele>
    <time>2026-01-22T22:50:11Z</time>
   </trkpt>
   <trkpt lat="-8.0515220" lon="-34.9531500">
    <ele>14.9</ele>
    <time>2026-01-22T22:50:12Z</time>
   </trkpt>
   <trkpt lat="-8.0515310" lon="-34.9531500">
    <ele>14.9</ele>
    <time>2026-01-22T22:50:13Z</time>
   </trkpt>
   <trkpt lat="-8.0515680" lon="-34.9531530">
    <ele>14.9</ele>
    <time>2026-01-22T22:50:14Z</time>
   </trkpt>
   <trkpt lat="-8.0515810" lon="-34.9531540">
    <ele>14.9</ele>
    <time>2026-01-22T22:50:15Z</time>
   </trkpt>
   <trkpt lat="-8.0516100" lon="-34.9531550">
    <ele>15.0</ele>
    <time>2026-01-22T22:50:16Z</time>
   </trkpt>
   <trkpt lat="-8.0516190" lon="-34.9531540">
    <ele>15.0</ele>
    <time>2026-01-22T22:50:17Z</time>
   </trkpt>
   <trkpt lat="-8.0516350" lon="-34.9531540">
    <ele>15.0</ele>
    <time>2026-01-22T22:50:18Z</time>
   </trkpt>
   <trkpt lat="-8.0516550" lon="-34.9531540">
    <ele>15.0</ele>
    <time>2026-01-22T22:50:19Z</time>
   </trkpt>
   <trkpt lat="-8.0516890" lon="-34.9531570">
    <ele>15.0</ele>
    <time>2026-01-22T22:50:20Z</time>
   </trkpt>
   <trkpt lat="-8.0517010" lon="-34.9531580">
    <ele>15.0</ele>
    <time>2026-01-22T22:50:21Z</time>
   </trkpt>
   <trkpt lat="-8.0517300" lon="-34.9531600">
    <ele>15.0</ele>
    <time>2026-01-22T22:50:22Z</time>
   </trkpt>
   <trkpt lat="-8.0517380" lon="-34.9531600">
    <ele>15.0</ele>
    <time>2026-01-22T22:50:23Z</time>
   </trkpt>
   <trkpt lat="-8.0517570" lon="-34.9531600">
    <ele>15.0</ele>
    <time>2026-01-22T22:50:24Z</time>
   </trkpt>
   <trkpt lat="-8.0517700" lon="-34.9531590">
    <ele>15.0</ele>
    <time>2026-01-22T22:50:25Z</time>
   </trkpt>
   <trkpt lat="-8.0517780" lon="-34.9531600">
    <ele>15.0</ele>
    <time>2026-01-22T22:50:26Z</time>
   </trkpt>
   <trkpt lat="-8.0517910" lon="-34.9531600">
    <ele>15.0</ele>
    <time>2026-01-22T22:50:27Z</time>
   </trkpt>
   <trkpt lat="-8.0518060" lon="-34.9531580">
    <ele>15.0</ele>
    <time>2026-01-22T22:50:28Z</time>
   </trkpt>
   <trkpt lat="-8.0518230" lon="-34.9531570">
    <ele>15.0</ele>
    <time>2026-01-22T22:50:29Z</time>
   </trkpt>
   <trkpt lat="-8.0518310" lon="-34.9531570">
    <ele>15.0</ele>
    <time>2026-01-22T22:50:30Z</time>
   </trkpt>
   <trkpt lat="-8.0518380" lon="-34.9531560">
    <ele>15.0</ele>
    <time>2026-01-22T22:50:31Z</time>
   </trkpt>
   <trkpt lat="-8.0518450" lon="-34.9531550">
    <ele>15.0</ele>
    <time>2026-01-22T22:50:32Z</time>
   </trkpt>
   <trkpt lat="-8.0518640" lon="-34.9531530">
    <ele>15.0</ele>
    <time>2026-01-22T22:50:33Z</time>
   </trkpt>
   <trkpt lat="-8.0518740" lon="-34.9531530">
    <ele>15.0</ele>
    <time>2026-01-22T22:50:34Z</time>
   </trkpt>
   <trkpt lat="-8.0518830" lon="-34.9531530">
    <ele>15.0</ele>
    <time>2026-01-22T22:50:35Z</time>
   </trkpt>
   <trkpt lat="-8.0519020" lon="-34.9531540">
    <ele>15.0</ele>
    <time>2026-01-22T22:50:36Z</time>
   </trkpt>
   <trkpt lat="-8.0519110" lon="-34.9531550">
    <ele>15.0</ele>
    <time>2026-01-22T22:50:37Z</time>
   </trkpt>
   <trkpt lat="-8.0519200" lon="-34.9531550">
    <ele>15.0</ele>
    <time>2026-01-22T22:50:38Z</time>
   </trkpt>
   <trkpt lat="-8.0519400" lon="-34.9531550">
    <ele>15.0</ele>
    <time>2026-01-22T22:50:39Z</time>
   </trkpt>
   <trkpt lat="-8.0519480" lon="-34.9531540">
    <ele>15.0</ele>
    <time>2026-01-22T22:50:40Z</time>
   </trkpt>
   <trkpt lat="-8.0519570" lon="-34.9531540">
    <ele>15.0</ele>
    <time>2026-01-22T22:50:41Z</time>
   </trkpt>
   <trkpt lat="-8.0519710" lon="-34.9531560">
    <ele>15.0</ele>
    <time>2026-01-22T22:50:42Z</time>
   </trkpt>
   <trkpt lat="-8.0519850" lon="-34.9531590">
    <ele>15.0</ele>
    <time>2026-01-22T22:50:43Z</time>
   </trkpt>
   <trkpt lat="-8.0519990" lon="-34.9531640">
    <ele>15.0</ele>
    <time>2026-01-22T22:50:44Z</time>
   </trkpt>
   <trkpt lat="-8.0520090" lon="-34.9531680">
    <ele>15.0</ele>
    <time>2026-01-22T22:50:45Z</time>
   </trkpt>
   <trkpt lat="-8.0520170" lon="-34.9531730">
    <ele>15.0</ele>
    <time>2026-01-22T22:50:46Z</time>
   </trkpt>
   <trkpt lat="-8.0520220" lon="-34.9531770">
    <ele>15.0</ele>
    <time>2026-01-22T22:50:47Z</time>
   </trkpt>
   <trkpt lat="-8.0520290" lon="-34.9531830">
    <ele>15.0</ele>
    <time>2026-01-22T22:50:48Z</time>
   </trkpt>
   <trkpt lat="-8.0520390" lon="-34.9531890">
    <ele>15.0</ele>
    <time>2026-01-22T22:50:49Z</time>
   </trkpt>
   <trkpt lat="-8.0520620" lon="-34.9532030">
    <ele>15.0</ele>
    <time>2026-01-22T22:50:50Z</time>
   </trkpt>
   <trkpt lat="-8.0520720" lon="-34.9532100">
    <ele>15.0</ele>
    <time>2026-01-22T22:50:51Z</time>
   </trkpt>
   <trkpt lat="-8.0520960" lon="-34.9532240">
    <ele>15.0</ele>
    <time>2026-01-22T22:50:53Z</time>
   </trkpt>
   <trkpt lat="-8.0521050" lon="-34.9532290">
    <ele>15.0</ele>
    <time>2026-01-22T22:50:54Z</time>
   </trkpt>
   <trkpt lat="-8.0521250" lon="-34.9532370">
    <ele>15.0</ele>
    <time>2026-01-22T22:50:55Z</time>
   </trkpt>
   <trkpt lat="-8.0521320" lon="-34.9532400">
    <ele>15.0</ele>
    <time>2026-01-22T22:50:56Z</time>
   </trkpt>
   <trkpt lat="-8.0521390" lon="-34.9532430">
    <ele>15.0</ele>
    <time>2026-01-22T22:50:57Z</time>
   </trkpt>
   <trkpt lat="-8.0521500" lon="-34.9532460">
    <ele>15.0</ele>
    <time>2026-01-22T22:50:58Z</time>
   </trkpt>
   <trkpt lat="-8.0521670" lon="-34.9532510">
    <ele>15.0</ele>
    <time>2026-01-22T22:50:59Z</time>
   </trkpt>
   <trkpt lat="-8.0521970" lon="-34.9532570">
    <ele>15.0</ele>
    <time>2026-01-22T22:51:00Z</time>
   </trkpt>
   <trkpt lat="-8.0522040" lon="-34.9532590">
    <ele>15.0</ele>
    <time>2026-01-22T22:51:01Z</time>
   </trkpt>
   <trkpt lat="-8.0522190" lon="-34.9532610">
    <ele>15.0</ele>
    <time>2026-01-22T22:51:02Z</time>
   </trkpt>
   <trkpt lat="-8.0522340" lon="-34.9532650">
    <ele>15.0</ele>
    <time>2026-01-22T22:51:03Z</time>
   </trkpt>
   <trkpt lat="-8.0522500" lon="-34.9532690">
    <ele>15.0</ele>
    <time>2026-01-22T22:51:04Z</time>
   </trkpt>
   <trkpt lat="-8.0522640" lon="-34.9532740">
    <ele>15.1</ele>
    <time>2026-01-22T22:51:05Z</time>
   </trkpt>
   <trkpt lat="-8.0522860" lon="-34.9532860">
    <ele>15.1</ele>
    <time>2026-01-22T22:51:06Z</time>
   </trkpt>
   <trkpt lat="-8.0522930" lon="-34.9532900">
    <ele>15.1</ele>
    <time>2026-01-22T22:51:07Z</time>
   </trkpt>
   <trkpt lat="-8.0523000" lon="-34.9532950">
    <ele>15.1</ele>
    <time>2026-01-22T22:51:08Z</time>
   </trkpt>
   <trkpt lat="-8.0523100" lon="-34.9533010">
    <ele>15.1</ele>
    <time>2026-01-22T22:51:09Z</time>
   </trkpt>
   <trkpt lat="-8.0523200" lon="-34.9533070">
    <ele>15.1</ele>
    <time>2026-01-22T22:51:10Z</time>
   </trkpt>
   <trkpt lat="-8.0523300" lon="-34.9533120">
    <ele>15.1</ele>
    <time>2026-01-22T22:51:11Z</time>
   </trkpt>
   <trkpt lat="-8.0523390" lon="-34.9533160">
    <ele>15.1</ele>
    <time>2026-01-22T22:51:12Z</time>
   </trkpt>
   <trkpt lat="-8.0523410" lon="-34.9533220">
    <ele>15.1</ele>
    <time>2026-01-22T22:51:13Z</time>
   </trkpt>
   <trkpt lat="-8.0523540" lon="-34.9533270">
    <ele>15.1</ele>
    <time>2026-01-22T22:51:14Z</time>
   </trkpt>
   <trkpt lat="-8.0523780" lon="-34.9533370">
    <ele>15.1</ele>
    <time>2026-01-22T22:51:15Z</time>
   </trkpt>
   <trkpt lat="-8.0523890" lon="-34.9533420">
    <ele>15.1</ele>
    <time>2026-01-22T22:51:16Z</time>
   </trkpt>
   <trkpt lat="-8.0523980" lon="-34.9533470">
    <ele>15.1</ele>
    <time>2026-01-22T22:51:17Z</time>
   </trkpt>
   <trkpt lat="-8.0524090" lon="-34.9533510">
    <ele>15.1</ele>
    <time>2026-01-22T22:51:18Z</time>
   </trkpt>
   <trkpt lat="-8.0524200" lon="-34.9533550">
    <ele>15.1</ele>
    <time>2026-01-22T22:51:19Z</time>
   </trkpt>
   <trkpt lat="-8.0524390" lon="-34.9533620">
    <ele>15.1</ele>
    <time>2026-01-22T22:51:20Z</time>
   </trkpt>
   <trkpt lat="-8.0524470" lon="-34.9533660">
    <ele>15.1</ele>
    <time>2026-01-22T22:51:21Z</time>
   </trkpt>
   <trkpt lat="-8.0524540" lon="-34.9533690">
    <ele>15.1</ele>
    <time>2026-01-22T22:51:22Z</time>
   </trkpt>
   <trkpt lat="-8.0524640" lon="-34.9533740">
    <ele>15.1</ele>
    <time>2026-01-22T22:51:23Z</time>
   </trkpt>
   <trkpt lat="-8.0524740" lon="-34.9533790">
    <ele>15.1</ele>
    <time>2026-01-22T22:51:24Z</time>
   </trkpt>
   <trkpt lat="-8.0524860" lon="-34.9533840">
    <ele>15.1</ele>
    <time>2026-01-22T22:51:25Z</time>
   </trkpt>
   <trkpt lat="-8.0524970" lon="-34.9533890">
    <ele>15.1</ele>
    <time>2026-01-22T22:51:26Z</time>
   </trkpt>
   <trkpt lat="-8.0525090" lon="-34.9533920">
    <ele>15.1</ele>
    <time>2026-01-22T22:51:27Z</time>
   </trkpt>
   <trkpt lat="-8.0525200" lon="-34.9533920">
    <ele>15.1</ele>
    <time>2026-01-22T22:51:28Z</time>
   </trkpt>
   <trkpt lat="-8.0525410" lon="-34.9533910">
    <ele>15.1</ele>
    <time>2026-01-22T22:51:29Z</time>
   </trkpt>
   <trkpt lat="-8.0525500" lon="-34.9533910">
    <ele>15.1</ele>
    <time>2026-01-22T22:51:30Z</time>
   </trkpt>
   <trkpt lat="-8.0525580" lon="-34.9533900">
    <ele>15.1</ele>
    <time>2026-01-22T22:51:31Z</time>
   </trkpt>
   <trkpt lat="-8.0525880" lon="-34.9533880">
    <ele>15.1</ele>
    <time>2026-01-22T22:51:32Z</time>
   </trkpt>
   <trkpt lat="-8.0525980" lon="-34.9533850">
    <ele>15.1</ele>
    <time>2026-01-22T22:51:34Z</time>
   </trkpt>
   <trkpt lat="-8.0526090" lon="-34.9533830">
    <ele>15.1</ele>
    <time>2026-01-22T22:51:35Z</time>
   </trkpt>
   <trkpt lat="-8.0526190" lon="-34.9533800">
    <ele>15.1</ele>
    <time>2026-01-22T22:51:36Z</time>
   </trkpt>
   <trkpt lat="-8.0526290" lon="-34.9533780">
    <ele>15.1</ele>
    <time>2026-01-22T22:51:37Z</time>
   </trkpt>
   <trkpt lat="-8.0526400" lon="-34.9533760">
    <ele>15.1</ele>
    <time>2026-01-22T22:51:38Z</time>
   </trkpt>
   <trkpt lat="-8.0526510" lon="-34.9533700">
    <ele>15.1</ele>
    <time>2026-01-22T22:51:39Z</time>
   </trkpt>
   <trkpt lat="-8.0526620" lon="-34.9533650">
    <ele>15.1</ele>
    <time>2026-01-22T22:51:40Z</time>
   </trkpt>
   <trkpt lat="-8.0526860" lon="-34.9533640">
    <ele>15.1</ele>
    <time>2026-01-22T22:51:41Z</time>
   </trkpt>
   <trkpt lat="-8.0526990" lon="-34.9533650">
    <ele>15.1</ele>
    <time>2026-01-22T22:51:42Z</time>
   </trkpt>
   <trkpt lat="-8.0527130" lon="-34.9533680">
    <ele>15.1</ele>
    <time>2026-01-22T22:51:44Z</time>
   </trkpt>
   <trkpt lat="-8.0527200" lon="-34.9533680">
    <ele>15.1</ele>
    <time>2026-01-22T22:51:45Z</time>
   </trkpt>
   <trkpt lat="-8.0527270" lon="-34.9533650">
    <ele>15.1</ele>
    <time>2026-01-22T22:51:46Z</time>
   </trkpt>
   <trkpt lat="-8.0527370" lon="-34.9533630">
    <ele>15.1</ele>
    <time>2026-01-22T22:51:47Z</time>
   </trkpt>
   <trkpt lat="-8.0527570" lon="-34.9533610">
    <ele>15.1</ele>
    <time>2026-01-22T22:51:48Z</time>
   </trkpt>
   <trkpt lat="-8.0527690" lon="-34.9533600">
    <ele>15.1</ele>
    <time>2026-01-22T22:51:50Z</time>
   </trkpt>
   <trkpt lat="-8.0527860" lon="-34.9533590">
    <ele>15.2</ele>
    <time>2026-01-22T22:51:51Z</time>
   </trkpt>
   <trkpt lat="-8.0528000" lon="-34.9533590">
    <ele>15.2</ele>
    <time>2026-01-22T22:51:52Z</time>
   </trkpt>
   <trkpt lat="-8.0528140" lon="-34.9533580">
    <ele>15.2</ele>
    <time>2026-01-22T22:51:53Z</time>
   </trkpt>
   <trkpt lat="-8.0528260" lon="-34.9533570">
    <ele>15.2</ele>
    <time>2026-01-22T22:51:54Z</time>
   </trkpt>
   <trkpt lat="-8.0528430" lon="-34.9533550">
    <ele>15.2</ele>
    <time>2026-01-22T22:51:55Z</time>
   </trkpt>
   <trkpt lat="-8.0528570" lon="-34.9533560">
    <ele>15.2</ele>
    <time>2026-01-22T22:51:56Z</time>
   </trkpt>
   <trkpt lat="-8.0528720" lon="-34.9533630">
    <ele>15.2</ele>
    <time>2026-01-22T22:51:57Z</time>
   </trkpt>
   <trkpt lat="-8.0528870" lon="-34.9533690">
    <ele>15.2</ele>
    <time>2026-01-22T22:51:58Z</time>
   </trkpt>
   <trkpt lat="-8.0529000" lon="-34.9533720">
    <ele>15.2</ele>
    <time>2026-01-22T22:51:59Z</time>
   </trkpt>
   <trkpt lat="-8.0529150" lon="-34.9533730">
    <ele>15.2</ele>
    <time>2026-01-22T22:52:00Z</time>
   </trkpt>
   <trkpt lat="-8.0529310" lon="-34.9533740">
    <ele>15.2</ele>
    <time>2026-01-22T22:52:01Z</time>
   </trkpt>
   <trkpt lat="-8.0529470" lon="-34.9533740">
    <ele>15.2</ele>
    <time>2026-01-22T22:52:02Z</time>
   </trkpt>
   <trkpt lat="-8.0529630" lon="-34.9533720">
    <ele>15.2</ele>
    <time>2026-01-22T22:52:03Z</time>
   </trkpt>
   <trkpt lat="-8.0529940" lon="-34.9533700">
    <ele>15.2</ele>
    <time>2026-01-22T22:52:04Z</time>
   </trkpt>
   <trkpt lat="-8.0530060" lon="-34.9533690">
    <ele>15.2</ele>
    <time>2026-01-22T22:52:05Z</time>
   </trkpt>
   <trkpt lat="-8.0530180" lon="-34.9533680">
    <ele>15.2</ele>
    <time>2026-01-22T22:52:06Z</time>
   </trkpt>
   <trkpt lat="-8.0530290" lon="-34.9533700">
    <ele>15.2</ele>
    <time>2026-01-22T22:52:07Z</time>
   </trkpt>
   <trkpt lat="-8.0530410" lon="-34.9533730">
    <ele>15.2</ele>
    <time>2026-01-22T22:52:08Z</time>
   </trkpt>
   <trkpt lat="-8.0530530" lon="-34.9533750">
    <ele>15.2</ele>
    <time>2026-01-22T22:52:09Z</time>
   </trkpt>
   <trkpt lat="-8.0530640" lon="-34.9533750">
    <ele>15.2</ele>
    <time>2026-01-22T22:52:10Z</time>
   </trkpt>
   <trkpt lat="-8.0530730" lon="-34.9533770">
    <ele>15.2</ele>
    <time>2026-01-22T22:52:11Z</time>
   </trkpt>
   <trkpt lat="-8.0530830" lon="-34.9533790">
    <ele>15.2</ele>
    <time>2026-01-22T22:52:12Z</time>
   </trkpt>
   <trkpt lat="-8.0530930" lon="-34.9533820">
    <ele>15.2</ele>
    <time>2026-01-22T22:52:13Z</time>
   </trkpt>
   <trkpt lat="-8.0531020" lon="-34.9533840">
    <ele>15.2</ele>
    <time>2026-01-22T22:52:14Z</time>
   </trkpt>
   <trkpt lat="-8.0531090" lon="-34.9533910">
    <ele>15.2</ele>
    <time>2026-01-22T22:52:15Z</time>
   </trkpt>
   <trkpt lat="-8.0531220" lon="-34.9533960">
    <ele>15.2</ele>
    <time>2026-01-22T22:52:16Z</time>
   </trkpt>
   <trkpt lat="-8.0531510" lon="-34.9533980">
    <ele>15.2</ele>
    <time>2026-01-22T22:52:17Z</time>
   </trkpt>
   <trkpt lat="-8.0531600" lon="-34.9533980">
    <ele>15.2</ele>
    <time>2026-01-22T22:52:18Z</time>
   </trkpt>
   <trkpt lat="-8.0531910" lon="-34.9533990">
    <ele>15.2</ele>
    <time>2026-01-22T22:52:19Z</time>
   </trkpt>
   <trkpt lat="-8.0532010" lon="-34.9534010">
    <ele>15.2</ele>
    <time>2026-01-22T22:52:20Z</time>
   </trkpt>
   <trkpt lat="-8.0532370" lon="-34.9534090">
    <ele>15.2</ele>
    <time>2026-01-22T22:52:21Z</time>
   </trkpt>
   <trkpt lat="-8.0532480" lon="-34.9534130">
    <ele>15.2</ele>
    <time>2026-01-22T22:52:22Z</time>
   </trkpt>
   <trkpt lat="-8.0532850" lon="-34.9534250">
    <ele>15.2</ele>
    <time>2026-01-22T22:52:23Z</time>
   </trkpt>
   <trkpt lat="-8.0532960" lon="-34.9534280">
    <ele>15.2</ele>
    <time>2026-01-22T22:52:24Z</time>
   </trkpt>
   <trkpt lat="-8.0533340" lon="-34.9534340">
    <ele>15.2</ele>
    <time>2026-01-22T22:52:25Z</time>
   </trkpt>
   <trkpt lat="-8.0533460" lon="-34.9534370">
    <ele>15.2</ele>
    <time>2026-01-22T22:52:26Z</time>
   </trkpt>
   <trkpt lat="-8.0533820" lon="-34.9534480">
    <ele>15.2</ele>
    <time>2026-01-22T22:52:27Z</time>
   </trkpt>
   <trkpt lat="-8.0533930" lon="-34.9534520">
    <ele>15.2</ele>
    <time>2026-01-22T22:52:28Z</time>
   </trkpt>
   <trkpt lat="-8.0534310" lon="-34.9534580">
    <ele>15.2</ele>
    <time>2026-01-22T22:52:29Z</time>
   </trkpt>
   <trkpt lat="-8.0534440" lon="-34.9534590">
    <ele>15.2</ele>
    <time>2026-01-22T22:52:30Z</time>
   </trkpt>
   <trkpt lat="-8.0534760" lon="-34.9534610">
    <ele>15.2</ele>
    <time>2026-01-22T22:52:31Z</time>
   </trkpt>
   <trkpt lat="-8.0534850" lon="-34.9534630">
    <ele>15.2</ele>
    <time>2026-01-22T22:52:32Z</time>
   </trkpt>
   <trkpt lat="-8.0535210" lon="-34.9534690">
    <ele>15.2</ele>
    <time>2026-01-22T22:52:33Z</time>
   </trkpt>
   <trkpt lat="-8.0535310" lon="-34.9534710">
    <ele>15.2</ele>
    <time>2026-01-22T22:52:34Z</time>
   </trkpt>
   <trkpt lat="-8.0535610" lon="-34.9534770">
    <ele>15.2</ele>
    <time>2026-01-22T22:52:35Z</time>
   </trkpt>
   <trkpt lat="-8.0535720" lon="-34.9534800">
    <ele>15.2</ele>
    <time>2026-01-22T22:52:36Z</time>
   </trkpt>
   <trkpt lat="-8.0536040" lon="-34.9534900">
    <ele>15.2</ele>
    <time>2026-01-22T22:52:37Z</time>
   </trkpt>
   <trkpt lat="-8.0536150" lon="-34.9534930">
    <ele>15.2</ele>
    <time>2026-01-22T22:52:38Z</time>
   </trkpt>
   <trkpt lat="-8.0536480" lon="-34.9534990">
    <ele>15.2</ele>
    <time>2026-01-22T22:52:39Z</time>
   </trkpt>
   <trkpt lat="-8.0536590" lon="-34.9535020">
    <ele>15.2</ele>
    <time>2026-01-22T22:52:40Z</time>
   </trkpt>
   <trkpt lat="-8.0536940" lon="-34.9535060">
    <ele>15.2</ele>
    <time>2026-01-22T22:52:41Z</time>
   </trkpt>
   <trkpt lat="-8.0537070" lon="-34.9535070">
    <ele>15.2</ele>
    <time>2026-01-22T22:52:42Z</time>
   </trkpt>
   <trkpt lat="-8.0537410" lon="-34.9535080">
    <ele>15.1</ele>
    <time>2026-01-22T22:52:43Z</time>
   </trkpt>
   <trkpt lat="-8.0537520" lon="-34.9535090">
    <ele>15.1</ele>
    <time>2026-01-22T22:52:44Z</time>
   </trkpt>
   <trkpt lat="-8.0537840" lon="-34.9535120">
    <ele>15.1</ele>
    <time>2026-01-22T22:52:45Z</time>
   </trkpt>
   <trkpt lat="-8.0537950" lon="-34.9535140">
    <ele>15.1</ele>
    <time>2026-01-22T22:52:46Z</time>
   </trkpt>
   <trkpt lat="-8.0538310" lon="-34.9535180">
    <ele>15.1</ele>
    <time>2026-01-22T22:52:47Z</time>
   </trkpt>
   <trkpt lat="-8.0538440" lon="-34.9535200">
    <ele>15.1</ele>
    <time>2026-01-22T22:52:48Z</time>
   </trkpt>
   <trkpt lat="-8.0538760" lon="-34.9535230">
    <ele>15.1</ele>
    <time>2026-01-22T22:52:49Z</time>
   </trkpt>
   <trkpt lat="-8.0538860" lon="-34.9535240">
    <ele>15.1</ele>
    <time>2026-01-22T22:52:50Z</time>
   </trkpt>
   <trkpt lat="-8.0539160" lon="-34.9535290">
    <ele>15.1</ele>
    <time>2026-01-22T22:52:51Z</time>
   </trkpt>
   <trkpt lat="-8.0539250" lon="-34.9535300">
    <ele>15.1</ele>
    <time>2026-01-22T22:52:52Z</time>
   </trkpt>
   <trkpt lat="-8.0539560" lon="-34.9535380">
    <ele>15.1</ele>
    <time>2026-01-22T22:52:53Z</time>
   </trkpt>
   <trkpt lat="-8.0539660" lon="-34.9535420">
    <ele>15.1</ele>
    <time>2026-01-22T22:52:54Z</time>
   </trkpt>
   <trkpt lat="-8.0539940" lon="-34.9535510">
    <ele>15.1</ele>
    <time>2026-01-22T22:52:55Z</time>
   </trkpt>
   <trkpt lat="-8.0540020" lon="-34.9535550">
    <ele>15.1</ele>
    <time>2026-01-22T22:52:56Z</time>
   </trkpt>
   <trkpt lat="-8.0540340" lon="-34.9535610">
    <ele>15.1</ele>
    <time>2026-01-22T22:52:57Z</time>
   </trkpt>
   <trkpt lat="-8.0540450" lon="-34.9535640">
    <ele>15.1</ele>
    <time>2026-01-22T22:52:58Z</time>
   </trkpt>
   <trkpt lat="-8.0540780" lon="-34.9535700">
    <ele>15.1</ele>
    <time>2026-01-22T22:52:59Z</time>
   </trkpt>
   <trkpt lat="-8.0540880" lon="-34.9535730">
    <ele>15.1</ele>
    <time>2026-01-22T22:53:00Z</time>
   </trkpt>
   <trkpt lat="-8.0541190" lon="-34.9535790">
    <ele>15.1</ele>
    <time>2026-01-22T22:53:01Z</time>
   </trkpt>
   <trkpt lat="-8.0541300" lon="-34.9535820">
    <ele>15.1</ele>
    <time>2026-01-22T22:53:02Z</time>
   </trkpt>
   <trkpt lat="-8.0541620" lon="-34.9535890">
    <ele>15.1</ele>
    <time>2026-01-22T22:53:03Z</time>
   </trkpt>
   <trkpt lat="-8.0541730" lon="-34.9535920">
    <ele>15.1</ele>
    <time>2026-01-22T22:53:04Z</time>
   </trkpt>
   <trkpt lat="-8.0542040" lon="-34.9536010">
    <ele>15.1</ele>
    <time>2026-01-22T22:53:05Z</time>
   </trkpt>
   <trkpt lat="-8.0542150" lon="-34.9536040">
    <ele>15.1</ele>
    <time>2026-01-22T22:53:06Z</time>
   </trkpt>
   <trkpt lat="-8.0542510" lon="-34.9536070">
    <ele>15.1</ele>
    <time>2026-01-22T22:53:07Z</time>
   </trkpt>
   <trkpt lat="-8.0542630" lon="-34.9536090">
    <ele>15.1</ele>
    <time>2026-01-22T22:53:08Z</time>
   </trkpt>
   <trkpt lat="-8.0542990" lon="-34.9536150">
    <ele>15.1</ele>
    <time>2026-01-22T22:53:09Z</time>
   </trkpt>
   <trkpt lat="-8.0543110" lon="-34.9536180">
    <ele>15.1</ele>
    <time>2026-01-22T22:53:10Z</time>
   </trkpt>
   <trkpt lat="-8.0543450" lon="-34.9536210">
    <ele>15.1</ele>
    <time>2026-01-22T22:53:11Z</time>
   </trkpt>
   <trkpt lat="-8.0543570" lon="-34.9536210">
    <ele>15.1</ele>
    <time>2026-01-22T22:53:12Z</time>
   </trkpt>
   <trkpt lat="-8.0543950" lon="-34.9536210">
    <ele>15.1</ele>
    <time>2026-01-22T22:53:13Z</time>
   </trkpt>
   <trkpt lat="-8.0544100" lon="-34.9536200">
    <ele>15.1</ele>
    <time>2026-01-22T22:53:14Z</time>
   </trkpt>
   <trkpt lat="-8.0544460" lon="-34.9536210">
    <ele>15.1</ele>
    <time>2026-01-22T22:53:15Z</time>
   </trkpt>
   <trkpt lat="-8.0544580" lon="-34.9536220">
    <ele>15.1</ele>
    <time>2026-01-22T22:53:16Z</time>
   </trkpt>
   <trkpt lat="-8.0544940" lon="-34.9536240">
    <ele>15.1</ele>
    <time>2026-01-22T22:53:17Z</time>
   </trkpt>
   <trkpt lat="-8.0545060" lon="-34.9536250">
    <ele>15.1</ele>
    <time>2026-01-22T22:53:18Z</time>
   </trkpt>
   <trkpt lat="-8.0545430" lon="-34.9536240">
    <ele>15.1</ele>
    <time>2026-01-22T22:53:19Z</time>
   </trkpt>
   <trkpt lat="-8.0545550" lon="-34.9536250">
    <ele>15.1</ele>
    <time>2026-01-22T22:53:20Z</time>
   </trkpt>
   <trkpt lat="-8.0545930" lon="-34.9536290">
    <ele>15.0</ele>
    <time>2026-01-22T22:53:21Z</time>
   </trkpt>
   <trkpt lat="-8.0546060" lon="-34.9536320">
    <ele>15.0</ele>
    <time>2026-01-22T22:53:22Z</time>
   </trkpt>
   <trkpt lat="-8.0546430" lon="-34.9536410">
    <ele>15.0</ele>
    <time>2026-01-22T22:53:23Z</time>
   </trkpt>
   <trkpt lat="-8.0546810" lon="-34.9536460">
    <ele>15.0</ele>
    <time>2026-01-22T22:53:24Z</time>
   </trkpt>
   <trkpt lat="-8.0546930" lon="-34.9536480">
    <ele>15.0</ele>
    <time>2026-01-22T22:53:25Z</time>
   </trkpt>
   <trkpt lat="-8.0547260" lon="-34.9536520">
    <ele>15.0</ele>
    <time>2026-01-22T22:53:26Z</time>
   </trkpt>
   <trkpt lat="-8.0547370" lon="-34.9536530">
    <ele>15.0</ele>
    <time>2026-01-22T22:53:27Z</time>
   </trkpt>
   <trkpt lat="-8.0547760" lon="-34.9536540">
    <ele>15.0</ele>
    <time>2026-01-22T22:53:28Z</time>
   </trkpt>
   <trkpt lat="-8.0547880" lon="-34.9536530">
    <ele>15.0</ele>
    <time>2026-01-22T22:53:29Z</time>
   </trkpt>
   <trkpt lat="-8.0548240" lon="-34.9536520">
    <ele>15.0</ele>
    <time>2026-01-22T22:53:30Z</time>
   </trkpt>
   <trkpt lat="-8.0548370" lon="-34.9536510">
    <ele>15.0</ele>
    <time>2026-01-22T22:53:31Z</time>
   </trkpt>
   <trkpt lat="-8.0548730" lon="-34.9536480">
    <ele>15.0</ele>
    <time>2026-01-22T22:53:32Z</time>
   </trkpt>
   <trkpt lat="-8.0548840" lon="-34.9536470">
    <ele>15.0</ele>
    <time>2026-01-22T22:53:33Z</time>
   </trkpt>
   <trkpt lat="-8.0549190" lon="-34.9536440">
    <ele>15.0</ele>
    <time>2026-01-22T22:53:34Z</time>
   </trkpt>
   <trkpt lat="-8.0549300" lon="-34.9536430">
    <ele>15.0</ele>
    <time>2026-01-22T22:53:35Z</time>
   </trkpt>
   <trkpt lat="-8.0549660" lon="-34.9536330">
    <ele>15.1</ele>
    <time>2026-01-22T22:53:36Z</time>
   </trkpt>
   <trkpt lat="-8.0549790" lon="-34.9536310">
    <ele>15.1</ele>
    <time>2026-01-22T22:53:37Z</time>
   </trkpt>
   <trkpt lat="-8.0550150" lon="-34.9536290">
    <ele>15.1</ele>
    <time>2026-01-22T22:53:38Z</time>
   </trkpt>
   <trkpt lat="-8.0550270" lon="-34.9536270">
    <ele>15.1</ele>
    <time>2026-01-22T22:53:39Z</time>
   </trkpt>
   <trkpt lat="-8.0550630" lon="-34.9536250">
    <ele>15.1</ele>
    <time>2026-01-22T22:53:40Z</time>
   </trkpt>
   <trkpt lat="-8.0550760" lon="-34.9536240">
    <ele>15.1</ele>
    <time>2026-01-22T22:53:41Z</time>
   </trkpt>
   <trkpt lat="-8.0551130" lon="-34.9536260">
    <ele>15.1</ele>
    <time>2026-01-22T22:53:42Z</time>
   </trkpt>
   <trkpt lat="-8.0551260" lon="-34.9536280">
    <ele>15.1</ele>
    <time>2026-01-22T22:53:43Z</time>
   </trkpt>
   <trkpt lat="-8.0551530" lon="-34.9536280">
    <ele>15.1</ele>
    <time>2026-01-22T22:53:44Z</time>
   </trkpt>
   <trkpt lat="-8.0551820" lon="-34.9536280">
    <ele>15.1</ele>
    <time>2026-01-22T22:53:45Z</time>
   </trkpt>
   <trkpt lat="-8.0552210" lon="-34.9536280">
    <ele>15.1</ele>
    <time>2026-01-22T22:53:46Z</time>
   </trkpt>
   <trkpt lat="-8.0552340" lon="-34.9536290">
    <ele>15.1</ele>
    <time>2026-01-22T22:53:47Z</time>
   </trkpt>
   <trkpt lat="-8.0552680" lon="-34.9536280">
    <ele>15.1</ele>
    <time>2026-01-22T22:53:48Z</time>
   </trkpt>
   <trkpt lat="-8.0552780" lon="-34.9536270">
    <ele>15.1</ele>
    <time>2026-01-22T22:53:49Z</time>
   </trkpt>
   <trkpt lat="-8.0553050" lon="-34.9536240">
    <ele>15.1</ele>
    <time>2026-01-22T22:53:50Z</time>
   </trkpt>
   <trkpt lat="-8.0553160" lon="-34.9536230">
    <ele>15.1</ele>
    <time>2026-01-22T22:53:51Z</time>
   </trkpt>
   <trkpt lat="-8.0553450" lon="-34.9536190">
    <ele>15.1</ele>
    <time>2026-01-22T22:53:52Z</time>
   </trkpt>
   <trkpt lat="-8.0553550" lon="-34.9536180">
    <ele>15.1</ele>
    <time>2026-01-22T22:53:53Z</time>
   </trkpt>
   <trkpt lat="-8.0553900" lon="-34.9536160">
    <ele>15.1</ele>
    <time>2026-01-22T22:53:54Z</time>
   </trkpt>
   <trkpt lat="-8.0554010" lon="-34.9536160">
    <ele>15.1</ele>
    <time>2026-01-22T22:53:55Z</time>
   </trkpt>
   <trkpt lat="-8.0554390" lon="-34.9536180">
    <ele>15.1</ele>
    <time>2026-01-22T22:53:56Z</time>
   </trkpt>
   <trkpt lat="-8.0554520" lon="-34.9536200">
    <ele>15.1</ele>
    <time>2026-01-22T22:53:57Z</time>
   </trkpt>
   <trkpt lat="-8.0554820" lon="-34.9536250">
    <ele>15.1</ele>
    <time>2026-01-22T22:53:58Z</time>
   </trkpt>
   <trkpt lat="-8.0554900" lon="-34.9536270">
    <ele>15.1</ele>
    <time>2026-01-22T22:53:59Z</time>
   </trkpt>
   <trkpt lat="-8.0555060" lon="-34.9536320">
    <ele>15.1</ele>
    <time>2026-01-22T22:54:00Z</time>
   </trkpt>
   <trkpt lat="-8.0555200" lon="-34.9536380">
    <ele>15.1</ele>
    <time>2026-01-22T22:54:01Z</time>
   </trkpt>
   <trkpt lat="-8.0555370" lon="-34.9536630">
    <ele>15.1</ele>
    <time>2026-01-22T22:54:02Z</time>
   </trkpt>
   <trkpt lat="-8.0555410" lon="-34.9536740">
    <ele>15.1</ele>
    <time>2026-01-22T22:54:03Z</time>
   </trkpt>
   <trkpt lat="-8.0555440" lon="-34.9537020">
    <ele>15.1</ele>
    <time>2026-01-22T22:54:04Z</time>
   </trkpt>
   <trkpt lat="-8.0555410" lon="-34.9537350">
    <ele>15.1</ele>
    <time>2026-01-22T22:54:05Z</time>
   </trkpt>
   <trkpt lat="-8.0555360" lon="-34.9537650">
    <ele>15.1</ele>
    <time>2026-01-22T22:54:06Z</time>
   </trkpt>
   <trkpt lat="-8.0555310" lon="-34.9537930">
    <ele>15.1</ele>
    <time>2026-01-22T22:54:07Z</time>
   </trkpt>
   <trkpt lat="-8.0555250" lon="-34.9538320">
    <ele>15.1</ele>
    <time>2026-01-22T22:54:08Z</time>
   </trkpt>
   <trkpt lat="-8.0555220" lon="-34.9538460">
    <ele>15.1</ele>
    <time>2026-01-22T22:54:09Z</time>
   </trkpt>
   <trkpt lat="-8.0555150" lon="-34.9538750">
    <ele>15.1</ele>
    <time>2026-01-22T22:54:10Z</time>
   </trkpt>
   <trkpt lat="-8.0555060" lon="-34.9539030">
    <ele>15.1</ele>
    <time>2026-01-22T22:54:11Z</time>
   </trkpt>
   <trkpt lat="-8.0554980" lon="-34.9539310">
    <ele>15.0</ele>
    <time>2026-01-22T22:54:12Z</time>
   </trkpt>
   <trkpt lat="-8.0554880" lon="-34.9539670">
    <ele>15.0</ele>
    <time>2026-01-22T22:54:13Z</time>
   </trkpt>
   <trkpt lat="-8.0554840" lon="-34.9539790">
    <ele>15.0</ele>
    <time>2026-01-22T22:54:14Z</time>
   </trkpt>
   <trkpt lat="-8.0554780" lon="-34.9540090">
    <ele>15.0</ele>
    <time>2026-01-22T22:54:15Z</time>
   </trkpt>
   <trkpt lat="-8.0554690" lon="-34.9540460">
    <ele>15.0</ele>
    <time>2026-01-22T22:54:16Z</time>
   </trkpt>
   <trkpt lat="-8.0554650" lon="-34.9540600">
    <ele>15.0</ele>
    <time>2026-01-22T22:54:17Z</time>
   </trkpt>
   <trkpt lat="-8.0554580" lon="-34.9540970">
    <ele>15.0</ele>
    <time>2026-01-22T22:54:18Z</time>
   </trkpt>
   <trkpt lat="-8.0554580" lon="-34.9541120">
    <ele>15.0</ele>
    <time>2026-01-22T22:54:19Z</time>
   </trkpt>
   <trkpt lat="-8.0554530" lon="-34.9541390">
    <ele>15.0</ele>
    <time>2026-01-22T22:54:20Z</time>
   </trkpt>
   <trkpt lat="-8.0554470" lon="-34.9541710">
    <ele>15.0</ele>
    <time>2026-01-22T22:54:21Z</time>
   </trkpt>
   <trkpt lat="-8.0554440" lon="-34.9541830">
    <ele>15.0</ele>
    <time>2026-01-22T22:54:22Z</time>
   </trkpt>
   <trkpt lat="-8.0554390" lon="-34.9542180">
    <ele>15.0</ele>
    <time>2026-01-22T22:54:23Z</time>
   </trkpt>
   <trkpt lat="-8.0554370" lon="-34.9542290">
    <ele>15.0</ele>
    <time>2026-01-22T22:54:24Z</time>
   </trkpt>
   <trkpt lat="-8.0554350" lon="-34.9542640">
    <ele>15.0</ele>
    <time>2026-01-22T22:54:25Z</time>
   </trkpt>
   <trkpt lat="-8.0554340" lon="-34.9542760">
    <ele>15.0</ele>
    <time>2026-01-22T22:54:26Z</time>
   </trkpt>
   <trkpt lat="-8.0554310" lon="-34.9543150">
    <ele>15.0</ele>
    <time>2026-01-22T22:54:27Z</time>
   </trkpt>
   <trkpt lat="-8.0554300" lon="-34.9543280">
    <ele>15.0</ele>
    <time>2026-01-22T22:54:28Z</time>
   </trkpt>
   <trkpt lat="-8.0554290" lon="-34.9543640">
    <ele>15.0</ele>
    <time>2026-01-22T22:54:29Z</time>
   </trkpt>
   <trkpt lat="-8.0554280" lon="-34.9543770">
    <ele>15.0</ele>
    <time>2026-01-22T22:54:30Z</time>
   </trkpt>
   <trkpt lat="-8.0554320" lon="-34.9544140">
    <ele>15.0</ele>
    <time>2026-01-22T22:54:31Z</time>
   </trkpt>
   <trkpt lat="-8.0554350" lon="-34.9544280">
    <ele>15.0</ele>
    <time>2026-01-22T22:54:32Z</time>
   </trkpt>
   <trkpt lat="-8.0554360" lon="-34.9544640">
    <ele>15.0</ele>
    <time>2026-01-22T22:54:33Z</time>
   </trkpt>
   <trkpt lat="-8.0554360" lon="-34.9544750">
    <ele>15.0</ele>
    <time>2026-01-22T22:54:34Z</time>
   </trkpt>
   <trkpt lat="-8.0554380" lon="-34.9545110">
    <ele>15.0</ele>
    <time>2026-01-22T22:54:35Z</time>
   </trkpt>
   <trkpt lat="-8.0554390" lon="-34.9545230">
    <ele>15.0</ele>
    <time>2026-01-22T22:54:36Z</time>
   </trkpt>
   <trkpt lat="-8.0554460" lon="-34.9545580">
    <ele>15.0</ele>
    <time>2026-01-22T22:54:37Z</time>
   </trkpt>
   <trkpt lat="-8.0554480" lon="-34.9545700">
    <ele>15.0</ele>
    <time>2026-01-22T22:54:38Z</time>
   </trkpt>
   <trkpt lat="-8.0554490" lon="-34.9546040">
    <ele>15.0</ele>
    <time>2026-01-22T22:54:39Z</time>
   </trkpt>
   <trkpt lat="-8.0554470" lon="-34.9546160">
    <ele>15.0</ele>
    <time>2026-01-22T22:54:40Z</time>
   </trkpt>
   <trkpt lat="-8.0554450" lon="-34.9546550">
    <ele>15.0</ele>
    <time>2026-01-22T22:54:41Z</time>
   </trkpt>
   <trkpt lat="-8.0554440" lon="-34.9546670">
    <ele>15.0</ele>
    <time>2026-01-22T22:54:42Z</time>
   </trkpt>
   <trkpt lat="-8.0554420" lon="-34.9546950">
    <ele>15.0</ele>
    <time>2026-01-22T22:54:43Z</time>
   </trkpt>
   <trkpt lat="-8.0554380" lon="-34.9547320">
    <ele>15.0</ele>
    <time>2026-01-22T22:54:44Z</time>
   </trkpt>
   <trkpt lat="-8.0554360" lon="-34.9547450">
    <ele>15.0</ele>
    <time>2026-01-22T22:54:45Z</time>
   </trkpt>
   <trkpt lat="-8.0554300" lon="-34.9547830">
    <ele>15.0</ele>
    <time>2026-01-22T22:54:46Z</time>
   </trkpt>
   <trkpt lat="-8.0554260" lon="-34.9547940">
    <ele>15.0</ele>
    <time>2026-01-22T22:54:47Z</time>
   </trkpt>
   <trkpt lat="-8.0554200" lon="-34.9548320">
    <ele>15.0</ele>
    <time>2026-01-22T22:54:48Z</time>
   </trkpt>
   <trkpt lat="-8.0554180" lon="-34.9548460">
    <ele>15.0</ele>
    <time>2026-01-22T22:54:49Z</time>
   </trkpt>
   <trkpt lat="-8.0554150" lon="-34.9548860">
    <ele>15.0</ele>
    <time>2026-01-22T22:54:50Z</time>
   </trkpt>
   <trkpt lat="-8.0554130" lon="-34.9548990">
    <ele>15.1</ele>
    <time>2026-01-22T22:54:51Z</time>
   </trkpt>
   <trkpt lat="-8.0554110" lon="-34.9549350">
    <ele>15.1</ele>
    <time>2026-01-22T22:54:52Z</time>
   </trkpt>
   <trkpt lat="-8.0554100" lon="-34.9549470">
    <ele>15.1</ele>
    <time>2026-01-22T22:54:53Z</time>
   </trkpt>
   <trkpt lat="-8.0554080" lon="-34.9549800">
    <ele>15.1</ele>
    <time>2026-01-22T22:54:54Z</time>
   </trkpt>
   <trkpt lat="-8.0554090" lon="-34.9549920">
    <ele>15.1</ele>
    <time>2026-01-22T22:54:55Z</time>
   </trkpt>
   <trkpt lat="-8.0554120" lon="-34.9550240">
    <ele>15.1</ele>
    <time>2026-01-22T22:54:56Z</time>
   </trkpt>
   <trkpt lat="-8.0554130" lon="-34.9550350">
    <ele>15.1</ele>
    <time>2026-01-22T22:54:57Z</time>
   </trkpt>
   <trkpt lat="-8.0554150" lon="-34.9550640">
    <ele>15.1</ele>
    <time>2026-01-22T22:54:58Z</time>
   </trkpt>
   <trkpt lat="-8.0554150" lon="-34.9550740">
    <ele>15.2</ele>
    <time>2026-01-22T22:54:59Z</time>
   </trkpt>
   <trkpt lat="-8.0554150" lon="-34.9550910">
    <ele>15.2</ele>
    <time>2026-01-22T22:55:00Z</time>
   </trkpt>
   <trkpt lat="-8.0554130" lon="-34.9551100">
    <ele>15.2</ele>
    <time>2026-01-22T22:55:01Z</time>
   </trkpt>
   <trkpt lat="-8.0554110" lon="-34.9551480">
    <ele>15.2</ele>
    <time>2026-01-22T22:55:02Z</time>
   </trkpt>
   <trkpt lat="-8.0554100" lon="-34.9551670">
    <ele>15.2</ele>
    <time>2026-01-22T22:55:03Z</time>
   </trkpt>
   <trkpt lat="-8.0554070" lon="-34.9552030">
    <ele>15.2</ele>
    <time>2026-01-22T22:55:05Z</time>
   </trkpt>
   <trkpt lat="-8.0554060" lon="-34.9552200">
    <ele>15.2</ele>
    <time>2026-01-22T22:55:06Z</time>
   </trkpt>
   <trkpt lat="-8.0554050" lon="-34.9552350">
    <ele>15.2</ele>
    <time>2026-01-22T22:55:07Z</time>
   </trkpt>
   <trkpt lat="-8.0554020" lon="-34.9552520">
    <ele>15.2</ele>
    <time>2026-01-22T22:55:08Z</time>
   </trkpt>
   <trkpt lat="-8.0553960" lon="-34.9552690">
    <ele>15.2</ele>
    <time>2026-01-22T22:55:09Z</time>
   </trkpt>
   <trkpt lat="-8.0553910" lon="-34.9552840">
    <ele>15.2</ele>
    <time>2026-01-22T22:55:10Z</time>
   </trkpt>
   <trkpt lat="-8.0553850" lon="-34.9552980">
    <ele>15.2</ele>
    <time>2026-01-22T22:55:11Z</time>
   </trkpt>
   <trkpt lat="-8.0553750" lon="-34.9553140">
    <ele>15.2</ele>
    <time>2026-01-22T22:55:12Z</time>
   </trkpt>
   <trkpt lat="-8.0553610" lon="-34.9553400">
    <ele>15.2</ele>
    <time>2026-01-22T22:55:13Z</time>
   </trkpt>
   <trkpt lat="-8.0553570" lon="-34.9553500">
    <ele>15.2</ele>
    <time>2026-01-22T22:55:14Z</time>
   </trkpt>
   <trkpt lat="-8.0553510" lon="-34.9553700">
    <ele>15.2</ele>
    <time>2026-01-22T22:55:15Z</time>
   </trkpt>
   <trkpt lat="-8.0553430" lon="-34.9553980">
    <ele>15.2</ele>
    <time>2026-01-22T22:55:17Z</time>
   </trkpt>
   <trkpt lat="-8.0553350" lon="-34.9554260">
    <ele>15.2</ele>
    <time>2026-01-22T22:55:18Z</time>
   </trkpt>
   <trkpt lat="-8.0553310" lon="-34.9554620">
    <ele>15.2</ele>
    <time>2026-01-22T22:55:19Z</time>
   </trkpt>
   <trkpt lat="-8.0553290" lon="-34.9554740">
    <ele>15.2</ele>
    <time>2026-01-22T22:55:20Z</time>
   </trkpt>
   <trkpt lat="-8.0553250" lon="-34.9555070">
    <ele>15.2</ele>
    <time>2026-01-22T22:55:21Z</time>
   </trkpt>
   <trkpt lat="-8.0553190" lon="-34.9555440">
    <ele>15.2</ele>
    <time>2026-01-22T22:55:22Z</time>
   </trkpt>
   <trkpt lat="-8.0553160" lon="-34.9555550">
    <ele>15.2</ele>
    <time>2026-01-22T22:55:23Z</time>
   </trkpt>
   <trkpt lat="-8.0553070" lon="-34.9555880">
    <ele>15.1</ele>
    <time>2026-01-22T22:55:24Z</time>
   </trkpt>
   <trkpt lat="-8.0553030" lon="-34.9555990">
    <ele>15.1</ele>
    <time>2026-01-22T22:55:25Z</time>
   </trkpt>
   <trkpt lat="-8.0552940" lon="-34.9556320">
    <ele>15.1</ele>
    <time>2026-01-22T22:55:26Z</time>
   </trkpt>
   <trkpt lat="-8.0552900" lon="-34.9556420">
    <ele>15.1</ele>
    <time>2026-01-22T22:55:27Z</time>
   </trkpt>
   <trkpt lat="-8.0552810" lon="-34.9556780">
    <ele>15.1</ele>
    <time>2026-01-22T22:55:28Z</time>
   </trkpt>
   <trkpt lat="-8.0552780" lon="-34.9556890">
    <ele>15.1</ele>
    <time>2026-01-22T22:55:29Z</time>
   </trkpt>
   <trkpt lat="-8.0552740" lon="-34.9557240">
    <ele>15.1</ele>
    <time>2026-01-22T22:55:30Z</time>
   </trkpt>
   <trkpt lat="-8.0552740" lon="-34.9557370">
    <ele>15.1</ele>
    <time>2026-01-22T22:55:31Z</time>
   </trkpt>
   <trkpt lat="-8.0552760" lon="-34.9557740">
    <ele>15.1</ele>
    <time>2026-01-22T22:55:32Z</time>
   </trkpt>
   <trkpt lat="-8.0552770" lon="-34.9558040">
    <ele>15.0</ele>
    <time>2026-01-22T22:55:33Z</time>
   </trkpt>
   <trkpt lat="-8.0552770" lon="-34.9558160">
    <ele>15.0</ele>
    <time>2026-01-22T22:55:34Z</time>
   </trkpt>
   <trkpt lat="-8.0552750" lon="-34.9558510">
    <ele>15.0</ele>
    <time>2026-01-22T22:55:35Z</time>
   </trkpt>
   <trkpt lat="-8.0552730" lon="-34.9558620">
    <ele>15.0</ele>
    <time>2026-01-22T22:55:36Z</time>
   </trkpt>
   <trkpt lat="-8.0552700" lon="-34.9558790">
    <ele>15.0</ele>
    <time>2026-01-22T22:55:37Z</time>
   </trkpt>
   <trkpt lat="-8.0552800" lon="-34.9558920">
    <ele>15.0</ele>
    <time>2026-01-22T22:55:38Z</time>
   </trkpt>
   <trkpt lat="-8.0552960" lon="-34.9558880">
    <ele>15.0</ele>
    <time>2026-01-22T22:55:39Z</time>
   </trkpt>
   <trkpt lat="-8.0553030" lon="-34.9558720">
    <ele>15.0</ele>
    <time>2026-01-22T22:55:40Z</time>
   </trkpt>
   <trkpt lat="-8.0552990" lon="-34.9558590">
    <ele>15.0</ele>
    <time>2026-01-22T22:55:41Z</time>
   </trkpt>
   <trkpt lat="-8.0552910" lon="-34.9558520">
    <ele>15.0</ele>
    <time>2026-01-22T22:55:42Z</time>
   </trkpt>
   <trkpt lat="-8.0552860" lon="-34.9558490">
    <ele>15.0</ele>
    <time>2026-01-22T22:55:43Z</time>
   </trkpt>
   <trkpt lat="-8.0552840" lon="-34.9558460">
    <ele>15.0</ele>
    <time>2026-01-22T22:55:44Z</time>
   </trkpt>
   <trkpt lat="-8.0552830" lon="-34.9558420">
    <ele>15.0</ele>
    <time>2026-01-22T22:55:45Z</time>
   </trkpt>
   <trkpt lat="-8.0552850" lon="-34.9558390">
    <ele>15.0</ele>
    <time>2026-01-22T22:55:46Z</time>
   </trkpt>
   <trkpt lat="-8.0552890" lon="-34.9558370">
    <ele>15.0</ele>
    <time>2026-01-22T22:55:47Z</time>
   </trkpt>
   <trkpt lat="-8.0552950" lon="-34.9558360">
    <ele>15.0</ele>
    <time>2026-01-22T22:55:48Z</time>
   </trkpt>
   <trkpt lat="-8.0553020" lon="-34.9558330">
    <ele>15.0</ele>
    <time>2026-01-22T22:55:49Z</time>
   </trkpt>
   <trkpt lat="-8.0553100" lon="-34.9558280">
    <ele>15.0</ele>
    <time>2026-01-22T22:55:50Z</time>
   </trkpt>
   <trkpt lat="-8.0553160" lon="-34.9558210">
    <ele>15.0</ele>
    <time>2026-01-22T22:55:51Z</time>
   </trkpt>
   <trkpt lat="-8.0553210" lon="-34.9558150">
    <ele>15.0</ele>
    <time>2026-01-22T22:55:52Z</time>
   </trkpt>
   <trkpt lat="-8.0553250" lon="-34.9558060">
    <ele>15.0</ele>
    <time>2026-01-22T22:55:53Z</time>
   </trkpt>
   <trkpt lat="-8.0553280" lon="-34.9557970">
    <ele>15.0</ele>
    <time>2026-01-22T22:55:54Z</time>
   </trkpt>
   <trkpt lat="-8.0553340" lon="-34.9557760">
    <ele>15.0</ele>
    <time>2026-01-22T22:55:55Z</time>
   </trkpt>
   <trkpt lat="-8.0553370" lon="-34.9557640">
    <ele>15.0</ele>
    <time>2026-01-22T22:55:56Z</time>
   </trkpt>
   <trkpt lat="-8.0553400" lon="-34.9557530">
    <ele>15.0</ele>
    <time>2026-01-22T22:55:57Z</time>
   </trkpt>
   <trkpt lat="-8.0553410" lon="-34.9557400">
    <ele>15.0</ele>
    <time>2026-01-22T22:55:58Z</time>
   </trkpt>
   <trkpt lat="-8.0553390" lon="-34.9557310">
    <ele>15.0</ele>
    <time>2026-01-22T22:55:59Z</time>
   </trkpt>
   <trkpt lat="-8.0553390" lon="-34.9557240">
    <ele>15.0</ele>
    <time>2026-01-22T22:56:00Z</time>
   </trkpt>
   <trkpt lat="-8.0553380" lon="-34.9557040">
    <ele>15.1</ele>
    <time>2026-01-22T22:56:01Z</time>
   </trkpt>
   <trkpt lat="-8.0553390" lon="-34.9556880">
    <ele>15.1</ele>
    <time>2026-01-22T22:56:02Z</time>
   </trkpt>
   <trkpt lat="-8.0553430" lon="-34.9556660">
    <ele>15.1</ele>
    <time>2026-01-22T22:56:03Z</time>
   </trkpt>
   <trkpt lat="-8.0553460" lon="-34.9556570">
    <ele>15.1</ele>
    <time>2026-01-22T22:56:04Z</time>
   </trkpt>
   <trkpt lat="-8.0553480" lon="-34.9556490">
    <ele>15.1</ele>
    <time>2026-01-22T22:56:05Z</time>
   </trkpt>
   <trkpt lat="-8.0553540" lon="-34.9556360">
    <ele>15.1</ele>
    <time>2026-01-22T22:56:06Z</time>
   </trkpt>
   <trkpt lat="-8.0553610" lon="-34.9556240">
    <ele>15.1</ele>
    <time>2026-01-22T22:56:07Z</time>
   </trkpt>
   <trkpt lat="-8.0553700" lon="-34.9556120">
    <ele>15.1</ele>
    <time>2026-01-22T22:56:08Z</time>
   </trkpt>
   <trkpt lat="-8.0553780" lon="-34.9556000">
    <ele>15.1</ele>
    <time>2026-01-22T22:56:09Z</time>
   </trkpt>
   <trkpt lat="-8.0553960" lon="-34.9555790">
    <ele>15.1</ele>
    <time>2026-01-22T22:56:10Z</time>
   </trkpt>
   <trkpt lat="-8.0554020" lon="-34.9555700">
    <ele>15.1</ele>
    <time>2026-01-22T22:56:11Z</time>
   </trkpt>
   <trkpt lat="-8.0554050" lon="-34.9555550">
    <ele>15.1</ele>
    <time>2026-01-22T22:56:12Z</time>
   </trkpt>
   <trkpt lat="-8.0554040" lon="-34.9555390">
    <ele>15.1</ele>
    <time>2026-01-22T22:56:13Z</time>
   </trkpt>
   <trkpt lat="-8.0554010" lon="-34.9555210">
    <ele>15.2</ele>
    <time>2026-01-22T22:56:14Z</time>
   </trkpt>
   <trkpt lat="-8.0553990" lon="-34.9555040">
    <ele>15.2</ele>
    <time>2026-01-22T22:56:15Z</time>
   </trkpt>
   <trkpt lat="-8.0553990" lon="-34.9554890">
    <ele>15.2</ele>
    <time>2026-01-22T22:56:16Z</time>
   </trkpt>
   <trkpt lat="-8.0553950" lon="-34.9554750">
    <ele>15.2</ele>
    <time>2026-01-22T22:56:17Z</time>
   </trkpt>
   <trkpt lat="-8.0553940" lon="-34.9554660">
    <ele>15.2</ele>
    <time>2026-01-22T22:56:18Z</time>
   </trkpt>
   <trkpt lat="-8.0553930" lon="-34.9554570">
    <ele>15.2</ele>
    <time>2026-01-22T22:56:19Z</time>
   </trkpt>
   <trkpt lat="-8.0553930" lon="-34.9554490">
    <ele>15.2</ele>
    <time>2026-01-22T22:56:20Z</time>
   </trkpt>
   <trkpt lat="-8.0553920" lon="-34.9554410">
    <ele>15.2</ele>
    <time>2026-01-22T22:56:21Z</time>
   </trkpt>
   <trkpt lat="-8.0553930" lon="-34.9554320">
    <ele>15.2</ele>
    <time>2026-01-22T22:56:22Z</time>
   </trkpt>
   <trkpt lat="-8.0553920" lon="-34.9554230">
    <ele>15.2</ele>
    <time>2026-01-22T22:56:23Z</time>
   </trkpt>
   <trkpt lat="-8.0553920" lon="-34.9554130">
    <ele>15.2</ele>
    <time>2026-01-22T22:56:24Z</time>
   </trkpt>
   <trkpt lat="-8.0553950" lon="-34.9554110">
    <ele>15.2</ele>
    <time>2026-01-22T22:56:25Z</time>
   </trkpt>
   <trkpt lat="-8.0553990" lon="-34.9554080">
    <ele>15.2</ele>
    <time>2026-01-22T22:56:26Z</time>
   </trkpt>
   <trkpt lat="-8.0554020" lon="-34.9553950">
    <ele>15.2</ele>
    <time>2026-01-22T22:56:27Z</time>
   </trkpt>
   <trkpt lat="-8.0554070" lon="-34.9553850">
    <ele>15.2</ele>
    <time>2026-01-22T22:56:28Z</time>
   </trkpt>
   <trkpt lat="-8.0554100" lon="-34.9553770">
    <ele>15.2</ele>
    <time>2026-01-22T22:56:29Z</time>
   </trkpt>
   <trkpt lat="-8.0554140" lon="-34.9553690">
    <ele>15.2</ele>
    <time>2026-01-22T22:56:30Z</time>
   </trkpt>
   <trkpt lat="-8.0554180" lon="-34.9553610">
    <ele>15.2</ele>
    <time>2026-01-22T22:56:31Z</time>
   </trkpt>
   <trkpt lat="-8.0554200" lon="-34.9553520">
    <ele>15.2</ele>
    <time>2026-01-22T22:56:32Z</time>
   </trkpt>
   <trkpt lat="-8.0554230" lon="-34.9553430">
    <ele>15.2</ele>
    <time>2026-01-22T22:56:33Z</time>
   </trkpt>
   <trkpt lat="-8.0554240" lon="-34.9553350">
    <ele>15.2</ele>
    <time>2026-01-22T22:56:34Z</time>
   </trkpt>
   <trkpt lat="-8.0554270" lon="-34.9553190">
    <ele>15.2</ele>
    <time>2026-01-22T22:56:35Z</time>
   </trkpt>
   <trkpt lat="-8.0554330" lon="-34.9552910">
    <ele>15.2</ele>
    <time>2026-01-22T22:56:36Z</time>
   </trkpt>
   <trkpt lat="-8.0554340" lon="-34.9552830">
    <ele>15.2</ele>
    <time>2026-01-22T22:56:37Z</time>
   </trkpt>
   <trkpt lat="-8.0554350" lon="-34.9552610">
    <ele>15.2</ele>
    <time>2026-01-22T22:56:38Z</time>
   </trkpt>
   <trkpt lat="-8.0554340" lon="-34.9552530">
    <ele>15.2</ele>
    <time>2026-01-22T22:56:39Z</time>
   </trkpt>
   <trkpt lat="-8.0554340" lon="-34.9552450">
    <ele>15.2</ele>
    <time>2026-01-22T22:56:40Z</time>
   </trkpt>
   <trkpt lat="-8.0554380" lon="-34.9552250">
    <ele>15.2</ele>
    <time>2026-01-22T22:56:41Z</time>
   </trkpt>
   <trkpt lat="-8.0554390" lon="-34.9552170">
    <ele>15.2</ele>
    <time>2026-01-22T22:56:42Z</time>
   </trkpt>
   <trkpt lat="-8.0554410" lon="-34.9552090">
    <ele>15.2</ele>
    <time>2026-01-22T22:56:43Z</time>
   </trkpt>
   <trkpt lat="-8.0554460" lon="-34.9551980">
    <ele>15.2</ele>
    <time>2026-01-22T22:56:44Z</time>
   </trkpt>
   <trkpt lat="-8.0554500" lon="-34.9551860">
    <ele>15.2</ele>
    <time>2026-01-22T22:56:45Z</time>
   </trkpt>
   <trkpt lat="-8.0554520" lon="-34.9551640">
    <ele>15.2</ele>
    <time>2026-01-22T22:56:46Z</time>
   </trkpt>
   <trkpt lat="-8.0554530" lon="-34.9551430">
    <ele>15.2</ele>
    <time>2026-01-22T22:56:48Z</time>
   </trkpt>
   <trkpt lat="-8.0554540" lon="-34.9551370">
    <ele>15.2</ele>
    <time>2026-01-22T22:56:49Z</time>
   </trkpt>
   <trkpt lat="-8.0554550" lon="-34.9551300">
    <ele>15.2</ele>
    <time>2026-01-22T22:56:50Z</time>
   </trkpt>
   <trkpt lat="-8.0554580" lon="-34.9551230">
    <ele>15.2</ele>
    <time>2026-01-22T22:56:51Z</time>
   </trkpt>
   <trkpt lat="-8.0554600" lon="-34.9551140">
    <ele>15.2</ele>
    <time>2026-01-22T22:56:52Z</time>
   </trkpt>
   <trkpt lat="-8.0554620" lon="-34.9551050">
    <ele>15.2</ele>
    <time>2026-01-22T22:56:53Z</time>
   </trkpt>
   <trkpt lat="-8.0554640" lon="-34.9550960">
    <ele>15.2</ele>
    <time>2026-01-22T22:56:54Z</time>
   </trkpt>
   <trkpt lat="-8.0554660" lon="-34.9550860">
    <ele>15.2</ele>
    <time>2026-01-22T22:56:55Z</time>
   </trkpt>
   <trkpt lat="-8.0554670" lon="-34.9550750">
    <ele>15.2</ele>
    <time>2026-01-22T22:56:56Z</time>
   </trkpt>
   <trkpt lat="-8.0554660" lon="-34.9550530">
    <ele>15.1</ele>
    <time>2026-01-22T22:56:58Z</time>
   </trkpt>
   <trkpt lat="-8.0554680" lon="-34.9550390">
    <ele>15.1</ele>
    <time>2026-01-22T22:56:59Z</time>
   </trkpt>
   <trkpt lat="-8.0554710" lon="-34.9550250">
    <ele>15.1</ele>
    <time>2026-01-22T22:57:00Z</time>
   </trkpt>
   <trkpt lat="-8.0554730" lon="-34.9550060">
    <ele>15.1</ele>
    <time>2026-01-22T22:57:01Z</time>
   </trkpt>
   <trkpt lat="-8.0554740" lon="-34.9549920">
    <ele>15.1</ele>
    <time>2026-01-22T22:57:02Z</time>
   </trkpt>
   <trkpt lat="-8.0554750" lon="-34.9549780">
    <ele>15.1</ele>
    <time>2026-01-22T22:57:03Z</time>
   </trkpt>
   <trkpt lat="-8.0554780" lon="-34.9549640">
    <ele>15.1</ele>
    <time>2026-01-22T22:57:04Z</time>
   </trkpt>
   <trkpt lat="-8.0554820" lon="-34.9549510">
    <ele>15.1</ele>
    <time>2026-01-22T22:57:05Z</time>
   </trkpt>
   <trkpt lat="-8.0554840" lon="-34.9549370">
    <ele>15.1</ele>
    <time>2026-01-22T22:57:06Z</time>
   </trkpt>
   <trkpt lat="-8.0554830" lon="-34.9549140">
    <ele>15.1</ele>
    <time>2026-01-22T22:57:07Z</time>
   </trkpt>
   <trkpt lat="-8.0554830" lon="-34.9549060">
    <ele>15.1</ele>
    <time>2026-01-22T22:57:08Z</time>
   </trkpt>
   <trkpt lat="-8.0554830" lon="-34.9548970">
    <ele>15.1</ele>
    <time>2026-01-22T22:57:09Z</time>
   </trkpt>
   <trkpt lat="-8.0554790" lon="-34.9548840">
    <ele>15.0</ele>
    <time>2026-01-22T22:57:10Z</time>
   </trkpt>
   <trkpt lat="-8.0554790" lon="-34.9548730">
    <ele>15.0</ele>
    <time>2026-01-22T22:57:11Z</time>
   </trkpt>
   <trkpt lat="-8.0554800" lon="-34.9548620">
    <ele>15.0</ele>
    <time>2026-01-22T22:57:12Z</time>
   </trkpt>
   <trkpt lat="-8.0554820" lon="-34.9548410">
    <ele>15.0</ele>
    <time>2026-01-22T22:57:13Z</time>
   </trkpt>
   <trkpt lat="-8.0554830" lon="-34.9548320">
    <ele>15.0</ele>
    <time>2026-01-22T22:57:14Z</time>
   </trkpt>
   <trkpt lat="-8.0554840" lon="-34.9548230">
    <ele>15.0</ele>
    <time>2026-01-22T22:57:15Z</time>
   </trkpt>
   <trkpt lat="-8.0554850" lon="-34.9548120">
    <ele>15.0</ele>
    <time>2026-01-22T22:57:16Z</time>
   </trkpt>
   <trkpt lat="-8.0554880" lon="-34.9547880">
    <ele>15.0</ele>
    <time>2026-01-22T22:57:17Z</time>
   </trkpt>
   <trkpt lat="-8.0554870" lon="-34.9547760">
    <ele>15.0</ele>
    <time>2026-01-22T22:57:18Z</time>
   </trkpt>
   <trkpt lat="-8.0554840" lon="-34.9547640">
    <ele>15.0</ele>
    <time>2026-01-22T22:57:19Z</time>
   </trkpt>
   <trkpt lat="-8.0554810" lon="-34.9547520">
    <ele>15.0</ele>
    <time>2026-01-22T22:57:20Z</time>
   </trkpt>
   <trkpt lat="-8.0554810" lon="-34.9547260">
    <ele>15.0</ele>
    <time>2026-01-22T22:57:21Z</time>
   </trkpt>
   <trkpt lat="-8.0554820" lon="-34.9547120">
    <ele>15.0</ele>
    <time>2026-01-22T22:57:23Z</time>
   </trkpt>
   <trkpt lat="-8.0554830" lon="-34.9546970">
    <ele>15.0</ele>
    <time>2026-01-22T22:57:24Z</time>
   </trkpt>
   <trkpt lat="-8.0554840" lon="-34.9546820">
    <ele>15.0</ele>
    <time>2026-01-22T22:57:25Z</time>
   </trkpt>
   <trkpt lat="-8.0554850" lon="-34.9546430">
    <ele>15.0</ele>
    <time>2026-01-22T22:57:26Z</time>
   </trkpt>
   <trkpt lat="-8.0554850" lon="-34.9546290">
    <ele>15.0</ele>
    <time>2026-01-22T22:57:27Z</time>
   </trkpt>
   <trkpt lat="-8.0554880" lon="-34.9546010">
    <ele>15.0</ele>
    <time>2026-01-22T22:57:28Z</time>
   </trkpt>
   <trkpt lat="-8.0554920" lon="-34.9545720">
    <ele>15.0</ele>
    <time>2026-01-22T22:57:29Z</time>
   </trkpt>
   <trkpt lat="-8.0555000" lon="-34.9545450">
    <ele>15.0</ele>
    <time>2026-01-22T22:57:30Z</time>
   </trkpt>
   <trkpt lat="-8.0555050" lon="-34.9545090">
    <ele>15.0</ele>
    <time>2026-01-22T22:57:31Z</time>
   </trkpt>
   <trkpt lat="-8.0555060" lon="-34.9544970">
    <ele>15.0</ele>
    <time>2026-01-22T22:57:32Z</time>
   </trkpt>
   <trkpt lat="-8.0555070" lon="-34.9544660">
    <ele>15.0</ele>
    <time>2026-01-22T22:57:33Z</time>
   </trkpt>
   <trkpt lat="-8.0555070" lon="-34.9544560">
    <ele>15.0</ele>
    <time>2026-01-22T22:57:34Z</time>
   </trkpt>
   <trkpt lat="-8.0555080" lon="-34.9544260">
    <ele>15.0</ele>
    <time>2026-01-22T22:57:35Z</time>
   </trkpt>
   <trkpt lat="-8.0555070" lon="-34.9544180">
    <ele>15.0</ele>
    <time>2026-01-22T22:57:36Z</time>
   </trkpt>
   <trkpt lat="-8.0555040" lon="-34.9543990">
    <ele>15.0</ele>
    <time>2026-01-22T22:57:37Z</time>
   </trkpt>
   <trkpt lat="-8.0555010" lon="-34.9543850">
    <ele>15.0</ele>
    <time>2026-01-22T22:57:38Z</time>
   </trkpt>
   <trkpt lat="-8.0554980" lon="-34.9543710">
    <ele>15.0</ele>
    <time>2026-01-22T22:57:39Z</time>
   </trkpt>
   <trkpt lat="-8.0554970" lon="-34.9543520">
    <ele>15.0</ele>
    <time>2026-01-22T22:57:40Z</time>
   </trkpt>
   <trkpt lat="-8.0554960" lon="-34.9543370">
    <ele>15.0</ele>
    <time>2026-01-22T22:57:41Z</time>
   </trkpt>
   <trkpt lat="-8.0554960" lon="-34.9543190">
    <ele>15.0</ele>
    <time>2026-01-22T22:57:42Z</time>
   </trkpt>
   <trkpt lat="-8.0554930" lon="-34.9542840">
    <ele>15.0</ele>
    <time>2026-01-22T22:57:43Z</time>
   </trkpt>
   <trkpt lat="-8.0554910" lon="-34.9542730">
    <ele>15.0</ele>
    <time>2026-01-22T22:57:44Z</time>
   </trkpt>
   <trkpt lat="-8.0554850" lon="-34.9542410">
    <ele>15.0</ele>
    <time>2026-01-22T22:57:45Z</time>
   </trkpt>
   <trkpt lat="-8.0554830" lon="-34.9542310">
    <ele>15.0</ele>
    <time>2026-01-22T22:57:46Z</time>
   </trkpt>
   <trkpt lat="-8.0554800" lon="-34.9542000">
    <ele>15.0</ele>
    <time>2026-01-22T22:57:47Z</time>
   </trkpt>
   <trkpt lat="-8.0554790" lon="-34.9541900">
    <ele>15.0</ele>
    <time>2026-01-22T22:57:48Z</time>
   </trkpt>
   <trkpt lat="-8.0554810" lon="-34.9541600">
    <ele>15.0</ele>
    <time>2026-01-22T22:57:49Z</time>
   </trkpt>
   <trkpt lat="-8.0554830" lon="-34.9541500">
    <ele>15.0</ele>
    <time>2026-01-22T22:57:50Z</time>
   </trkpt>
   <trkpt lat="-8.0554920" lon="-34.9541180">
    <ele>15.0</ele>
    <time>2026-01-22T22:57:51Z</time>
   </trkpt>
   <trkpt lat="-8.0554940" lon="-34.9541070">
    <ele>15.0</ele>
    <time>2026-01-22T22:57:52Z</time>
   </trkpt>
   <trkpt lat="-8.0555020" lon="-34.9540760">
    <ele>15.0</ele>
    <time>2026-01-22T22:57:53Z</time>
   </trkpt>
   <trkpt lat="-8.0555050" lon="-34.9540660">
    <ele>15.0</ele>
    <time>2026-01-22T22:57:54Z</time>
   </trkpt>
   <trkpt lat="-8.0555150" lon="-34.9540340">
    <ele>15.0</ele>
    <time>2026-01-22T22:57:55Z</time>
   </trkpt>
   <trkpt lat="-8.0555180" lon="-34.9540230">
    <ele>15.0</ele>
    <time>2026-01-22T22:57:56Z</time>
   </trkpt>
   <trkpt lat="-8.0555250" lon="-34.9539940">
    <ele>15.1</ele>
    <time>2026-01-22T22:57:57Z</time>
   </trkpt>
   <trkpt lat="-8.0555260" lon="-34.9539850">
    <ele>15.1</ele>
    <time>2026-01-22T22:57:58Z</time>
   </trkpt>
   <trkpt lat="-8.0555330" lon="-34.9539540">
    <ele>15.1</ele>
    <time>2026-01-22T22:57:59Z</time>
   </trkpt>
   <trkpt lat="-8.0555340" lon="-34.9539430">
    <ele>15.1</ele>
    <time>2026-01-22T22:58:00Z</time>
   </trkpt>
   <trkpt lat="-8.0555310" lon="-34.9539060">
    <ele>15.1</ele>
    <time>2026-01-22T22:58:01Z</time>
   </trkpt>
   <trkpt lat="-8.0555280" lon="-34.9538920">
    <ele>15.1</ele>
    <time>2026-01-22T22:58:02Z</time>
   </trkpt>
   <trkpt lat="-8.0555180" lon="-34.9538630">
    <ele>15.1</ele>
    <time>2026-01-22T22:58:03Z</time>
   </trkpt>
   <trkpt lat="-8.0555140" lon="-34.9538540">
    <ele>15.1</ele>
    <time>2026-01-22T22:58:04Z</time>
   </trkpt>
   <trkpt lat="-8.0555000" lon="-34.9538290">
    <ele>15.1</ele>
    <time>2026-01-22T22:58:05Z</time>
   </trkpt>
   <trkpt lat="-8.0554940" lon="-34.9538220">
    <ele>15.1</ele>
    <time>2026-01-22T22:58:06Z</time>
   </trkpt>
   <trkpt lat="-8.0554840" lon="-34.9538100">
    <ele>15.1</ele>
    <time>2026-01-22T22:58:07Z</time>
   </trkpt>
   <trkpt lat="-8.0554820" lon="-34.9538050">
    <ele>15.1</ele>
    <time>2026-01-22T22:58:08Z</time>
   </trkpt>
   <trkpt lat="-8.0554710" lon="-34.9537980">
    <ele>15.1</ele>
    <time>2026-01-22T22:58:09Z</time>
   </trkpt>
   <trkpt lat="-8.0554440" lon="-34.9537830">
    <ele>15.1</ele>
    <time>2026-01-22T22:58:10Z</time>
   </trkpt>
   <trkpt lat="-8.0554360" lon="-34.9537770">
    <ele>15.1</ele>
    <time>2026-01-22T22:58:11Z</time>
   </trkpt>
   <trkpt lat="-8.0554270" lon="-34.9537600">
    <ele>15.1</ele>
    <time>2026-01-22T22:58:12Z</time>
   </trkpt>
   <trkpt lat="-8.0554230" lon="-34.9537450">
    <ele>15.1</ele>
    <time>2026-01-22T22:58:13Z</time>
   </trkpt>
   <trkpt lat="-8.0554160" lon="-34.9537200">
    <ele>15.1</ele>
    <time>2026-01-22T22:58:14Z</time>
   </trkpt>
   <trkpt lat="-8.0554110" lon="-34.9537100">
    <ele>15.1</ele>
    <time>2026-01-22T22:58:15Z</time>
   </trkpt>
   <trkpt lat="-8.0553870" lon="-34.9536940">
    <ele>15.1</ele>
    <time>2026-01-22T22:58:16Z</time>
   </trkpt>
   <trkpt lat="-8.0553780" lon="-34.9536910">
    <ele>15.1</ele>
    <time>2026-01-22T22:58:17Z</time>
   </trkpt>
   <trkpt lat="-8.0553500" lon="-34.9536830">
    <ele>15.1</ele>
    <time>2026-01-22T22:58:18Z</time>
   </trkpt>
   <trkpt lat="-8.0553410" lon="-34.9536790">
    <ele>15.1</ele>
    <time>2026-01-22T22:58:19Z</time>
   </trkpt>
   <trkpt lat="-8.0553310" lon="-34.9536680">
    <ele>15.1</ele>
    <time>2026-01-22T22:58:20Z</time>
   </trkpt>
   <trkpt lat="-8.0553220" lon="-34.9536530">
    <ele>15.1</ele>
    <time>2026-01-22T22:58:21Z</time>
   </trkpt>
   <trkpt lat="-8.0553120" lon="-34.9536240">
    <ele>15.1</ele>
    <time>2026-01-22T22:58:22Z</time>
   </trkpt>
   <trkpt lat="-8.0553080" lon="-34.9536140">
    <ele>15.1</ele>
    <time>2026-01-22T22:58:23Z</time>
   </trkpt>
   <trkpt lat="-8.0553040" lon="-34.9535990">
    <ele>15.1</ele>
    <time>2026-01-22T22:58:24Z</time>
   </trkpt>
   <trkpt lat="-8.0552990" lon="-34.9535800">
    <ele>15.1</ele>
    <time>2026-01-22T22:58:25Z</time>
   </trkpt>
   <trkpt lat="-8.0552910" lon="-34.9535530">
    <ele>15.1</ele>
    <time>2026-01-22T22:58:26Z</time>
   </trkpt>
   <trkpt lat="-8.0552870" lon="-34.9535440">
    <ele>15.1</ele>
    <time>2026-01-22T22:58:27Z</time>
   </trkpt>
   <trkpt lat="-8.0552810" lon="-34.9535170">
    <ele>15.1</ele>
    <time>2026-01-22T22:58:28Z</time>
   </trkpt>
   <trkpt lat="-8.0552790" lon="-34.9535070">
    <ele>15.1</ele>
    <time>2026-01-22T22:58:29Z</time>
   </trkpt>
   <trkpt lat="-8.0552740" lon="-34.9534790">
    <ele>15.1</ele>
    <time>2026-01-22T22:58:30Z</time>
   </trkpt>
   <trkpt lat="-8.0552720" lon="-34.9534710">
    <ele>15.0</ele>
    <time>2026-01-22T22:58:31Z</time>
   </trkpt>
   <trkpt lat="-8.0552690" lon="-34.9534420">
    <ele>15.0</ele>
    <time>2026-01-22T22:58:32Z</time>
   </trkpt>
   <trkpt lat="-8.0552670" lon="-34.9534320">
    <ele>15.0</ele>
    <time>2026-01-22T22:58:33Z</time>
   </trkpt>
   <trkpt lat="-8.0552620" lon="-34.9533970">
    <ele>15.0</ele>
    <time>2026-01-22T22:58:34Z</time>
   </trkpt>
   <trkpt lat="-8.0552600" lon="-34.9533850">
    <ele>15.0</ele>
    <time>2026-01-22T22:58:35Z</time>
   </trkpt>
   <trkpt lat="-8.0552570" lon="-34.9533570">
    <ele>15.0</ele>
    <time>2026-01-22T22:58:36Z</time>
   </trkpt>
   <trkpt lat="-8.0552500" lon="-34.9533160">
    <ele>15.0</ele>
    <time>2026-01-22T22:58:37Z</time>
   </trkpt>
   <trkpt lat="-8.0552470" lon="-34.9533030">
    <ele>15.0</ele>
    <time>2026-01-22T22:58:38Z</time>
   </trkpt>
   <trkpt lat="-8.0552410" lon="-34.9532760">
    <ele>14.9</ele>
    <time>2026-01-22T22:58:39Z</time>
   </trkpt>
   <trkpt lat="-8.0552270" lon="-34.9532370">
    <ele>14.9</ele>
    <time>2026-01-22T22:58:40Z</time>
   </trkpt>
   <trkpt lat="-8.0552220" lon="-34.9532240">
    <ele>14.9</ele>
    <time>2026-01-22T22:58:41Z</time>
   </trkpt>
   <trkpt lat="-8.0552140" lon="-34.9531970">
    <ele>14.9</ele>
    <time>2026-01-22T22:58:42Z</time>
   </trkpt>
   <trkpt lat="-8.0552020" lon="-34.9531630">
    <ele>14.9</ele>
    <time>2026-01-22T22:58:43Z</time>
   </trkpt>
   <trkpt lat="-8.0551980" lon="-34.9531510">
    <ele>14.9</ele>
    <time>2026-01-22T22:58:44Z</time>
   </trkpt>
   <trkpt lat="-8.0551930" lon="-34.9531150">
    <ele>14.9</ele>
    <time>2026-01-22T22:58:45Z</time>
   </trkpt>
   <trkpt lat="-8.0551920" lon="-34.9531030">
    <ele>14.9</ele>
    <time>2026-01-22T22:58:46Z</time>
   </trkpt>
   <trkpt lat="-8.0551960" lon="-34.9530690">
    <ele>14.9</ele>
    <time>2026-01-22T22:58:47Z</time>
   </trkpt>
   <trkpt lat="-8.0551970" lon="-34.9530570">
    <ele>14.8</ele>
    <time>2026-01-22T22:58:48Z</time>
   </trkpt>
   <trkpt lat="-8.0551990" lon="-34.9530250">
    <ele>14.8</ele>
    <time>2026-01-22T22:58:49Z</time>
   </trkpt>
   <trkpt lat="-8.0552000" lon="-34.9530130">
    <ele>14.8</ele>
    <time>2026-01-22T22:58:50Z</time>
   </trkpt>
   <trkpt lat="-8.0552020" lon="-34.9529820">
    <ele>14.8</ele>
    <time>2026-01-22T22:58:51Z</time>
   </trkpt>
   <trkpt lat="-8.0552030" lon="-34.9529700">
    <ele>14.8</ele>
    <time>2026-01-22T22:58:52Z</time>
   </trkpt>
   <trkpt lat="-8.0552070" lon="-34.9529400">
    <ele>14.8</ele>
    <time>2026-01-22T22:58:53Z</time>
   </trkpt>
   <trkpt lat="-8.0552090" lon="-34.9529300">
    <ele>14.8</ele>
    <time>2026-01-22T22:58:54Z</time>
   </trkpt>
   <trkpt lat="-8.0552130" lon="-34.9529020">
    <ele>14.8</ele>
    <time>2026-01-22T22:58:55Z</time>
   </trkpt>
   <trkpt lat="-8.0552140" lon="-34.9528920">
    <ele>14.8</ele>
    <time>2026-01-22T22:58:56Z</time>
   </trkpt>
   <trkpt lat="-8.0552170" lon="-34.9528650">
    <ele>14.8</ele>
    <time>2026-01-22T22:58:57Z</time>
   </trkpt>
   <trkpt lat="-8.0552180" lon="-34.9528540">
    <ele>14.8</ele>
    <time>2026-01-22T22:58:58Z</time>
   </trkpt>
   <trkpt lat="-8.0552210" lon="-34.9528350">
    <ele>14.8</ele>
    <time>2026-01-22T22:58:59Z</time>
   </trkpt>
   <trkpt lat="-8.0552240" lon="-34.9528260">
    <ele>14.8</ele>
    <time>2026-01-22T22:59:00Z</time>
   </trkpt>
   <trkpt lat="-8.0552280" lon="-34.9528130">
    <ele>14.8</ele>
    <time>2026-01-22T22:59:01Z</time>
   </trkpt>
   <trkpt lat="-8.0552310" lon="-34.9527900">
    <ele>14.8</ele>
    <time>2026-01-22T22:59:02Z</time>
   </trkpt>
   <trkpt lat="-8.0552390" lon="-34.9527590">
    <ele>14.8</ele>
    <time>2026-01-22T22:59:03Z</time>
   </trkpt>
   <trkpt lat="-8.0552410" lon="-34.9527480">
    <ele>14.7</ele>
    <time>2026-01-22T22:59:04Z</time>
   </trkpt>
   <trkpt lat="-8.0552450" lon="-34.9527190">
    <ele>14.7</ele>
    <time>2026-01-22T22:59:05Z</time>
   </trkpt>
   <trkpt lat="-8.0552460" lon="-34.9527090">
    <ele>14.7</ele>
    <time>2026-01-22T22:59:06Z</time>
   </trkpt>
   <trkpt lat="-8.0552470" lon="-34.9526810">
    <ele>14.7</ele>
    <time>2026-01-22T22:59:07Z</time>
   </trkpt>
   <trkpt lat="-8.0552480" lon="-34.9526710">
    <ele>14.7</ele>
    <time>2026-01-22T22:59:08Z</time>
   </trkpt>
   <trkpt lat="-8.0552500" lon="-34.9526440">
    <ele>14.7</ele>
    <time>2026-01-22T22:59:09Z</time>
   </trkpt>
   <trkpt lat="-8.0552510" lon="-34.9526340">
    <ele>14.7</ele>
    <time>2026-01-22T22:59:10Z</time>
   </trkpt>
   <trkpt lat="-8.0552500" lon="-34.9526050">
    <ele>14.7</ele>
    <time>2026-01-22T22:59:11Z</time>
   </trkpt>
   <trkpt lat="-8.0552490" lon="-34.9525960">
    <ele>14.7</ele>
    <time>2026-01-22T22:59:12Z</time>
   </trkpt>
   <trkpt lat="-8.0552560" lon="-34.9525640">
    <ele>14.7</ele>
    <time>2026-01-22T22:59:13Z</time>
   </trkpt>
   <trkpt lat="-8.0552610" lon="-34.9525540">
    <ele>14.7</ele>
    <time>2026-01-22T22:59:14Z</time>
   </trkpt>
   <trkpt lat="-8.0552730" lon="-34.9525250">
    <ele>14.7</ele>
    <time>2026-01-22T22:59:15Z</time>
   </trkpt>
   <trkpt lat="-8.0552770" lon="-34.9525150">
    <ele>14.7</ele>
    <time>2026-01-22T22:59:16Z</time>
   </trkpt>
   <trkpt lat="-8.0552880" lon="-34.9524830">
    <ele>14.7</ele>
    <time>2026-01-22T22:59:17Z</time>
   </trkpt>
   <trkpt lat="-8.0552920" lon="-34.9524720">
    <ele>14.7</ele>
    <time>2026-01-22T22:59:18Z</time>
   </trkpt>
   <trkpt lat="-8.0553000" lon="-34.9524400">
    <ele>14.6</ele>
    <time>2026-01-22T22:59:19Z</time>
   </trkpt>
   <trkpt lat="-8.0553010" lon="-34.9524290">
    <ele>14.6</ele>
    <time>2026-01-22T22:59:20Z</time>
   </trkpt>
   <trkpt lat="-8.0553020" lon="-34.9523960">
    <ele>14.6</ele>
    <time>2026-01-22T22:59:21Z</time>
   </trkpt>
   <trkpt lat="-8.0553030" lon="-34.9523850">
    <ele>14.6</ele>
    <time>2026-01-22T22:59:22Z</time>
   </trkpt>
   <trkpt lat="-8.0553040" lon="-34.9523500">
    <ele>14.6</ele>
    <time>2026-01-22T22:59:23Z</time>
   </trkpt>
   <trkpt lat="-8.0553040" lon="-34.9523380">
    <ele>14.6</ele>
    <time>2026-01-22T22:59:24Z</time>
   </trkpt>
   <trkpt lat="-8.0553050" lon="-34.9523020">
    <ele>14.6</ele>
    <time>2026-01-22T22:59:25Z</time>
   </trkpt>
   <trkpt lat="-8.0553070" lon="-34.9522890">
    <ele>14.6</ele>
    <time>2026-01-22T22:59:26Z</time>
   </trkpt>
   <trkpt lat="-8.0553180" lon="-34.9522620">
    <ele>14.6</ele>
    <time>2026-01-22T22:59:27Z</time>
   </trkpt>
   <trkpt lat="-8.0553310" lon="-34.9522370">
    <ele>14.6</ele>
    <time>2026-01-22T22:59:28Z</time>
   </trkpt>
   <trkpt lat="-8.0553340" lon="-34.9522270">
    <ele>14.6</ele>
    <time>2026-01-22T22:59:29Z</time>
   </trkpt>
   <trkpt lat="-8.0553360" lon="-34.9521920">
    <ele>14.6</ele>
    <time>2026-01-22T22:59:30Z</time>
   </trkpt>
   <trkpt lat="-8.0553350" lon="-34.9521800">
    <ele>14.6</ele>
    <time>2026-01-22T22:59:31Z</time>
   </trkpt>
   <trkpt lat="-8.0553350" lon="-34.9521410">
    <ele>14.5</ele>
    <time>2026-01-22T22:59:32Z</time>
   </trkpt>
   <trkpt lat="-8.0553350" lon="-34.9521280">
    <ele>14.5</ele>
    <time>2026-01-22T22:59:33Z</time>
   </trkpt>
   <trkpt lat="-8.0553380" lon="-34.9520950">
    <ele>14.5</ele>
    <time>2026-01-22T22:59:34Z</time>
   </trkpt>
   <trkpt lat="-8.0553430" lon="-34.9520660">
    <ele>14.5</ele>
    <time>2026-01-22T22:59:35Z</time>
   </trkpt>
   <trkpt lat="-8.0553440" lon="-34.9520540">
    <ele>14.5</ele>
    <time>2026-01-22T22:59:36Z</time>
   </trkpt>
   <trkpt lat="-8.0553380" lon="-34.9520220">
    <ele>14.5</ele>
    <time>2026-01-22T22:59:37Z</time>
   </trkpt>
   <trkpt lat="-8.0553340" lon="-34.9520130">
    <ele>14.5</ele>
    <time>2026-01-22T22:59:38Z</time>
   </trkpt>
   <trkpt lat="-8.0553230" lon="-34.9519800">
    <ele>14.5</ele>
    <time>2026-01-22T22:59:39Z</time>
   </trkpt>
   <trkpt lat="-8.0553210" lon="-34.9519680">
    <ele>14.5</ele>
    <time>2026-01-22T22:59:40Z</time>
   </trkpt>
   <trkpt lat="-8.0553260" lon="-34.9519290">
    <ele>14.5</ele>
    <time>2026-01-22T22:59:41Z</time>
   </trkpt>
   <trkpt lat="-8.0553270" lon="-34.9519160">
    <ele>14.5</ele>
    <time>2026-01-22T22:59:42Z</time>
   </trkpt>
   <trkpt lat="-8.0553280" lon="-34.9518830">
    <ele>14.4</ele>
    <time>2026-01-22T22:59:43Z</time>
   </trkpt>
   <trkpt lat="-8.0553280" lon="-34.9518710">
    <ele>14.4</ele>
    <time>2026-01-22T22:59:44Z</time>
   </trkpt>
   <trkpt lat="-8.0553270" lon="-34.9518380">
    <ele>14.4</ele>
    <time>2026-01-22T22:59:45Z</time>
   </trkpt>
   <trkpt lat="-8.0553270" lon="-34.9518260">
    <ele>14.4</ele>
    <time>2026-01-22T22:59:46Z</time>
   </trkpt>
   <trkpt lat="-8.0553330" lon="-34.9517950">
    <ele>14.4</ele>
    <time>2026-01-22T22:59:47Z</time>
   </trkpt>
   <trkpt lat="-8.0553320" lon="-34.9517690">
    <ele>14.4</ele>
    <time>2026-01-22T22:59:48Z</time>
   </trkpt>
   <trkpt lat="-8.0553300" lon="-34.9517570">
    <ele>14.4</ele>
    <time>2026-01-22T22:59:49Z</time>
   </trkpt>
   <trkpt lat="-8.0553190" lon="-34.9517240">
    <ele>14.4</ele>
    <time>2026-01-22T22:59:50Z</time>
   </trkpt>
   <trkpt lat="-8.0553150" lon="-34.9517140">
    <ele>14.4</ele>
    <time>2026-01-22T22:59:51Z</time>
   </trkpt>
   <trkpt lat="-8.0552970" lon="-34.9516850">
    <ele>14.3</ele>
    <time>2026-01-22T22:59:52Z</time>
   </trkpt>
   <trkpt lat="-8.0552910" lon="-34.9516760">
    <ele>14.3</ele>
    <time>2026-01-22T22:59:53Z</time>
   </trkpt>
   <trkpt lat="-8.0552810" lon="-34.9516450">
    <ele>14.3</ele>
    <time>2026-01-22T22:59:54Z</time>
   </trkpt>
   <trkpt lat="-8.0552760" lon="-34.9516390">
    <ele>14.3</ele>
    <time>2026-01-22T22:59:55Z</time>
   </trkpt>
   <trkpt lat="-8.0552690" lon="-34.9516130">
    <ele>14.3</ele>
    <time>2026-01-22T22:59:56Z</time>
   </trkpt>
   <trkpt lat="-8.0552670" lon="-34.9516040">
    <ele>14.3</ele>
    <time>2026-01-22T22:59:57Z</time>
   </trkpt>
   <trkpt lat="-8.0552680" lon="-34.9515760">
    <ele>14.3</ele>
    <time>2026-01-22T22:59:58Z</time>
   </trkpt>
   <trkpt lat="-8.0552690" lon="-34.9515670">
    <ele>14.3</ele>
    <time>2026-01-22T22:59:59Z</time>
   </trkpt>
   <trkpt lat="-8.0552800" lon="-34.9515370">
    <ele>14.3</ele>
    <time>2026-01-22T23:00:00Z</time>
   </trkpt>
   <trkpt lat="-8.0552930" lon="-34.9515260">
    <ele>14.2</ele>
    <time>2026-01-22T23:00:01Z</time>
   </trkpt>
   <trkpt lat="-8.0552910" lon="-34.9515090">
    <ele>14.2</ele>
    <time>2026-01-22T23:00:02Z</time>
   </trkpt>
   <trkpt lat="-8.0552860" lon="-34.9514900">
    <ele>14.2</ele>
    <time>2026-01-22T23:00:03Z</time>
   </trkpt>
   <trkpt lat="-8.0552840" lon="-34.9514600">
    <ele>14.2</ele>
    <time>2026-01-22T23:00:04Z</time>
   </trkpt>
   <trkpt lat="-8.0552840" lon="-34.9514500">
    <ele>14.2</ele>
    <time>2026-01-22T23:00:05Z</time>
   </trkpt>
   <trkpt lat="-8.0552980" lon="-34.9514170">
    <ele>14.2</ele>
    <time>2026-01-22T23:00:06Z</time>
   </trkpt>
   <trkpt lat="-8.0553080" lon="-34.9514020">
    <ele>14.2</ele>
    <time>2026-01-22T23:00:07Z</time>
   </trkpt>
   <trkpt lat="-8.0553210" lon="-34.9513930">
    <ele>14.2</ele>
    <time>2026-01-22T23:00:08Z</time>
   </trkpt>
   <trkpt lat="-8.0553290" lon="-34.9513790">
    <ele>14.2</ele>
    <time>2026-01-22T23:00:09Z</time>
   </trkpt>
   <trkpt lat="-8.0553350" lon="-34.9513640">
    <ele>14.2</ele>
    <time>2026-01-22T23:00:10Z</time>
   </trkpt>
   <trkpt lat="-8.0553370" lon="-34.9513480">
    <ele>14.2</ele>
    <time>2026-01-22T23:00:11Z</time>
   </trkpt>
   <trkpt lat="-8.0553390" lon="-34.9513330">
    <ele>14.2</ele>
    <time>2026-01-22T23:00:12Z</time>
   </trkpt>
   <trkpt lat="-8.0553380" lon="-34.9513160">
    <ele>14.2</ele>
    <time>2026-01-22T23:00:13Z</time>
   </trkpt>
   <trkpt lat="-8.0553390" lon="-34.9512990">
    <ele>14.2</ele>
    <time>2026-01-22T23:00:14Z</time>
   </trkpt>
   <trkpt lat="-8.0553410" lon="-34.9512880">
    <ele>14.2</ele>
    <time>2026-01-22T23:00:15Z</time>
   </trkpt>
   <trkpt lat="-8.0553450" lon="-34.9512660">
    <ele>14.2</ele>
    <time>2026-01-22T23:00:16Z</time>
   </trkpt>
   <trkpt lat="-8.0553450" lon="-34.9512580">
    <ele>14.2</ele>
    <time>2026-01-22T23:00:17Z</time>
   </trkpt>
   <trkpt lat="-8.0553460" lon="-34.9512490">
    <ele>14.2</ele>
    <time>2026-01-22T23:00:18Z</time>
   </trkpt>
   <trkpt lat="-8.0553450" lon="-34.9512320">
    <ele>14.2</ele>
    <time>2026-01-22T23:00:19Z</time>
   </trkpt>
   <trkpt lat="-8.0553450" lon="-34.9512170">
    <ele>14.2</ele>
    <time>2026-01-22T23:00:20Z</time>
   </trkpt>
   <trkpt lat="-8.0553490" lon="-34.9511870">
    <ele>14.2</ele>
    <time>2026-01-22T23:00:21Z</time>
   </trkpt>
   <trkpt lat="-8.0553450" lon="-34.9511750">
    <ele>14.2</ele>
    <time>2026-01-22T23:00:22Z</time>
   </trkpt>
   <trkpt lat="-8.0553430" lon="-34.9511540">
    <ele>14.2</ele>
    <time>2026-01-22T23:00:23Z</time>
   </trkpt>
   <trkpt lat="-8.0553480" lon="-34.9511220">
    <ele>14.2</ele>
    <time>2026-01-22T23:00:24Z</time>
   </trkpt>
   <trkpt lat="-8.0553520" lon="-34.9511110">
    <ele>14.2</ele>
    <time>2026-01-22T23:00:25Z</time>
   </trkpt>
   <trkpt lat="-8.0553670" lon="-34.9510860">
    <ele>14.1</ele>
    <time>2026-01-22T23:00:26Z</time>
   </trkpt>
   <trkpt lat="-8.0553830" lon="-34.9510640">
    <ele>14.1</ele>
    <time>2026-01-22T23:00:27Z</time>
   </trkpt>
   <trkpt lat="-8.0554160" lon="-34.9510370">
    <ele>14.1</ele>
    <time>2026-01-22T23:00:28Z</time>
   </trkpt>
   <trkpt lat="-8.0554380" lon="-34.9510000">
    <ele>14.1</ele>
    <time>2026-01-22T23:00:29Z</time>
   </trkpt>
   <trkpt lat="-8.0554450" lon="-34.9509840">
    <ele>14.1</ele>
    <time>2026-01-22T23:00:30Z</time>
   </trkpt>
   <trkpt lat="-8.0554480" lon="-34.9509430">
    <ele>14.1</ele>
    <time>2026-01-22T23:00:31Z</time>
   </trkpt>
   <trkpt lat="-8.0554460" lon="-34.9509290">
    <ele>14.1</ele>
    <time>2026-01-22T23:00:32Z</time>
   </trkpt>
   <trkpt lat="-8.0554410" lon="-34.9508970">
    <ele>14.1</ele>
    <time>2026-01-22T23:00:33Z</time>
   </trkpt>
   <trkpt lat="-8.0554410" lon="-34.9508670">
    <ele>14.1</ele>
    <time>2026-01-22T23:00:34Z</time>
   </trkpt>
   <trkpt lat="-8.0554400" lon="-34.9508270">
    <ele>14.0</ele>
    <time>2026-01-22T23:00:35Z</time>
   </trkpt>
   <trkpt lat="-8.0554390" lon="-34.9508130">
    <ele>14.0</ele>
    <time>2026-01-22T23:00:36Z</time>
   </trkpt>
   <trkpt lat="-8.0554350" lon="-34.9507810">
    <ele>14.0</ele>
    <time>2026-01-22T23:00:37Z</time>
   </trkpt>
   <trkpt lat="-8.0554310" lon="-34.9507510">
    <ele>14.0</ele>
    <time>2026-01-22T23:00:38Z</time>
   </trkpt>
   <trkpt lat="-8.0554260" lon="-34.9507220">
    <ele>14.0</ele>
    <time>2026-01-22T23:00:39Z</time>
   </trkpt>
   <trkpt lat="-8.0554190" lon="-34.9506930">
    <ele>14.0</ele>
    <time>2026-01-22T23:00:40Z</time>
   </trkpt>
   <trkpt lat="-8.0554140" lon="-34.9506630">
    <ele>14.0</ele>
    <time>2026-01-22T23:00:41Z</time>
   </trkpt>
   <trkpt lat="-8.0554130" lon="-34.9506340">
    <ele>14.0</ele>
    <time>2026-01-22T23:00:42Z</time>
   </trkpt>
   <trkpt lat="-8.0554150" lon="-34.9505960">
    <ele>14.0</ele>
    <time>2026-01-22T23:00:43Z</time>
   </trkpt>
   <trkpt lat="-8.0554160" lon="-34.9505630">
    <ele>14.0</ele>
    <time>2026-01-22T23:00:44Z</time>
   </trkpt>
   <trkpt lat="-8.0554150" lon="-34.9505310">
    <ele>14.0</ele>
    <time>2026-01-22T23:00:45Z</time>
   </trkpt>
   <trkpt lat="-8.0554210" lon="-34.9504950">
    <ele>14.0</ele>
    <time>2026-01-22T23:00:46Z</time>
   </trkpt>
   <trkpt lat="-8.0554210" lon="-34.9504620">
    <ele>14.0</ele>
    <time>2026-01-22T23:00:47Z</time>
   </trkpt>
   <trkpt lat="-8.0554190" lon="-34.9504240">
    <ele>14.0</ele>
    <time>2026-01-22T23:00:49Z</time>
   </trkpt>
   <trkpt lat="-8.0554150" lon="-34.9503880">
    <ele>14.0</ele>
    <time>2026-01-22T23:00:50Z</time>
   </trkpt>
   <trkpt lat="-8.0554080" lon="-34.9503500">
    <ele>14.0</ele>
    <time>2026-01-22T23:00:51Z</time>
   </trkpt>
   <trkpt lat="-8.0554030" lon="-34.9503120">
    <ele>14.1</ele>
    <time>2026-01-22T23:00:52Z</time>
   </trkpt>
   <trkpt lat="-8.0554010" lon="-34.9502990">
    <ele>14.1</ele>
    <time>2026-01-22T23:00:53Z</time>
   </trkpt>
   <trkpt lat="-8.0553910" lon="-34.9502590">
    <ele>14.1</ele>
    <time>2026-01-22T23:00:55Z</time>
   </trkpt>
   <trkpt lat="-8.0553830" lon="-34.9502280">
    <ele>14.1</ele>
    <time>2026-01-22T23:00:56Z</time>
   </trkpt>
   <trkpt lat="-8.0553790" lon="-34.9502180">
    <ele>14.1</ele>
    <time>2026-01-22T23:00:57Z</time>
   </trkpt>
   <trkpt lat="-8.0553610" lon="-34.9501740">
    <ele>14.1</ele>
    <time>2026-01-22T23:00:59Z</time>
   </trkpt>
   <trkpt lat="-8.0553550" lon="-34.9501610">
    <ele>14.1</ele>
    <time>2026-01-22T23:01:00Z</time>
   </trkpt>
   <trkpt lat="-8.0553480" lon="-34.9501470">
    <ele>14.1</ele>
    <time>2026-01-22T23:01:01Z</time>
   </trkpt>
   <trkpt lat="-8.0553270" lon="-34.9501060">
    <ele>14.1</ele>
    <time>2026-01-22T23:01:02Z</time>
   </trkpt>
   <trkpt lat="-8.0553080" lon="-34.9500790">
    <ele>14.1</ele>
    <time>2026-01-22T23:01:04Z</time>
   </trkpt>
   <trkpt lat="-8.0553030" lon="-34.9500720">
    <ele>14.1</ele>
    <time>2026-01-22T23:01:05Z</time>
   </trkpt>
   <trkpt lat="-8.0552880" lon="-34.9500450">
    <ele>14.1</ele>
    <time>2026-01-22T23:01:06Z</time>
   </trkpt>
   <trkpt lat="-8.0552790" lon="-34.9500120">
    <ele>14.1</ele>
    <time>2026-01-22T23:01:08Z</time>
   </trkpt>
   <trkpt lat="-8.0552730" lon="-34.9499730">
    <ele>14.1</ele>
    <time>2026-01-22T23:01:09Z</time>
   </trkpt>
   <trkpt lat="-8.0552570" lon="-34.9499490">
    <ele>14.1</ele>
    <time>2026-01-22T23:01:10Z</time>
   </trkpt>
   <trkpt lat="-8.0552520" lon="-34.9499700">
    <ele>14.1</ele>
    <time>2026-01-22T23:01:11Z</time>
   </trkpt>
   <trkpt lat="-8.0552210" lon="-34.9499670">
    <ele>14.1</ele>
    <time>2026-01-22T23:01:13Z</time>
   </trkpt>
   <trkpt lat="-8.0551860" lon="-34.9499520">
    <ele>14.1</ele>
    <time>2026-01-22T23:01:14Z</time>
   </trkpt>
   <trkpt lat="-8.0551520" lon="-34.9499320">
    <ele>14.1</ele>
    <time>2026-01-22T23:01:16Z</time>
   </trkpt>
   <trkpt lat="-8.0551410" lon="-34.9499250">
    <ele>14.1</ele>
    <time>2026-01-22T23:01:17Z</time>
   </trkpt>
   <trkpt lat="-8.0551180" lon="-34.9499090">
    <ele>14.1</ele>
    <time>2026-01-22T23:01:18Z</time>
   </trkpt>
   <trkpt lat="-8.0551100" lon="-34.9499040">
    <ele>14.2</ele>
    <time>2026-01-22T23:01:19Z</time>
   </trkpt>
   <trkpt lat="-8.0550940" lon="-34.9498960">
    <ele>14.2</ele>
    <time>2026-01-22T23:01:20Z</time>
   </trkpt>
   <trkpt lat="-8.0550820" lon="-34.9498920">
    <ele>14.2</ele>
    <time>2026-01-22T23:01:21Z</time>
   </trkpt>
   <trkpt lat="-8.0550680" lon="-34.9498860">
    <ele>14.2</ele>
    <time>2026-01-22T23:01:22Z</time>
   </trkpt>
   <trkpt lat="-8.0550470" lon="-34.9498760">
    <ele>14.2</ele>
    <time>2026-01-22T23:01:24Z</time>
   </trkpt>
   <trkpt lat="-8.0550340" lon="-34.9498690">
    <ele>14.2</ele>
    <time>2026-01-22T23:01:25Z</time>
   </trkpt>
   <trkpt lat="-8.0550220" lon="-34.9498630">
    <ele>14.2</ele>
    <time>2026-01-22T23:01:26Z</time>
   </trkpt>
   <trkpt lat="-8.0550120" lon="-34.9498570">
    <ele>14.2</ele>
    <time>2026-01-22T23:01:27Z</time>
   </trkpt>
   <trkpt lat="-8.0550010" lon="-34.9498490">
    <ele>14.2</ele>
    <time>2026-01-22T23:01:28Z</time>
   </trkpt>
   <trkpt lat="-8.0549930" lon="-34.9498410">
    <ele>14.2</ele>
    <time>2026-01-22T23:01:29Z</time>
   </trkpt>
   <trkpt lat="-8.0549850" lon="-34.9498340">
    <ele>14.2</ele>
    <time>2026-01-22T23:01:30Z</time>
   </trkpt>
   <trkpt lat="-8.0549780" lon="-34.9498270">
    <ele>14.2</ele>
    <time>2026-01-22T23:01:31Z</time>
   </trkpt>
   <trkpt lat="-8.0549710" lon="-34.9498210">
    <ele>14.2</ele>
    <time>2026-01-22T23:01:32Z</time>
   </trkpt>
   <trkpt lat="-8.0549490" lon="-34.9498100">
    <ele>14.2</ele>
    <time>2026-01-22T23:01:33Z</time>
   </trkpt>
   <trkpt lat="-8.0549440" lon="-34.9498070">
    <ele>14.2</ele>
    <time>2026-01-22T23:01:34Z</time>
   </trkpt>
   <trkpt lat="-8.0549380" lon="-34.9498050">
    <ele>14.2</ele>
    <time>2026-01-22T23:01:35Z</time>
   </trkpt>
   <trkpt lat="-8.0549280" lon="-34.9498000">
    <ele>14.2</ele>
    <time>2026-01-22T23:01:36Z</time>
   </trkpt>
   <trkpt lat="-8.0549210" lon="-34.9497940">
    <ele>14.2</ele>
    <time>2026-01-22T23:01:37Z</time>
   </trkpt>
   <trkpt lat="-8.0549080" lon="-34.9497820">
    <ele>14.2</ele>
    <time>2026-01-22T23:01:39Z</time>
   </trkpt>
   <trkpt lat="-8.0548990" lon="-34.9497750">
    <ele>14.2</ele>
    <time>2026-01-22T23:01:40Z</time>
   </trkpt>
   <trkpt lat="-8.0548880" lon="-34.9497640">
    <ele>14.2</ele>
    <time>2026-01-22T23:01:41Z</time>
   </trkpt>
   <trkpt lat="-8.0548800" lon="-34.9497560">
    <ele>14.2</ele>
    <time>2026-01-22T23:01:42Z</time>
   </trkpt>
   <trkpt lat="-8.0548670" lon="-34.9497440">
    <ele>14.2</ele>
    <time>2026-01-22T23:01:44Z</time>
   </trkpt>
   <trkpt lat="-8.0548610" lon="-34.9497260">
    <ele>14.2</ele>
    <time>2026-01-22T23:01:45Z</time>
   </trkpt>
   <trkpt lat="-8.0548460" lon="-34.9497030">
    <ele>14.2</ele>
    <time>2026-01-22T23:01:47Z</time>
   </trkpt>
   <trkpt lat="-8.0548420" lon="-34.9496930">
    <ele>14.2</ele>
    <time>2026-01-22T23:01:48Z</time>
   </trkpt>
   <trkpt lat="-8.0548340" lon="-34.9496850">
    <ele>14.2</ele>
    <time>2026-01-22T23:01:49Z</time>
   </trkpt>
   <trkpt lat="-8.0548260" lon="-34.9496760">
    <ele>14.2</ele>
    <time>2026-01-22T23:01:50Z</time>
   </trkpt>
   <trkpt lat="-8.0548170" lon="-34.9496690">
    <ele>14.2</ele>
    <time>2026-01-22T23:01:51Z</time>
   </trkpt>
   <trkpt lat="-8.0548080" lon="-34.9496630">
    <ele>14.2</ele>
    <time>2026-01-22T23:01:52Z</time>
   </trkpt>
   <trkpt lat="-8.0548000" lon="-34.9496570">
    <ele>14.3</ele>
    <time>2026-01-22T23:01:53Z</time>
   </trkpt>
   <trkpt lat="-8.0547930" lon="-34.9496520">
    <ele>14.3</ele>
    <time>2026-01-22T23:01:54Z</time>
   </trkpt>
   <trkpt lat="-8.0547850" lon="-34.9496450">
    <ele>14.3</ele>
    <time>2026-01-22T23:01:55Z</time>
   </trkpt>
   <trkpt lat="-8.0547790" lon="-34.9496410">
    <ele>14.3</ele>
    <time>2026-01-22T23:01:56Z</time>
   </trkpt>
   <trkpt lat="-8.0547740" lon="-34.9496390">
    <ele>14.3</ele>
    <time>2026-01-22T23:01:57Z</time>
   </trkpt>
   <trkpt lat="-8.0547650" lon="-34.9496360">
    <ele>14.3</ele>
    <time>2026-01-22T23:01:58Z</time>
   </trkpt>
   <trkpt lat="-8.0547540" lon="-34.9496350">
    <ele>14.3</ele>
    <time>2026-01-22T23:01:59Z</time>
   </trkpt>
   <trkpt lat="-8.0547430" lon="-34.9496300">
    <ele>14.3</ele>
    <time>2026-01-22T23:02:00Z</time>
   </trkpt>
   <trkpt lat="-8.0547350" lon="-34.9496230">
    <ele>14.3</ele>
    <time>2026-01-22T23:02:01Z</time>
   </trkpt>
   <trkpt lat="-8.0547280" lon="-34.9496200">
    <ele>14.3</ele>
    <time>2026-01-22T23:02:02Z</time>
   </trkpt>
   <trkpt lat="-8.0547140" lon="-34.9496130">
    <ele>14.3</ele>
    <time>2026-01-22T23:02:03Z</time>
   </trkpt>
   <trkpt lat="-8.0547050" lon="-34.9496070">
    <ele>14.3</ele>
    <time>2026-01-22T23:02:04Z</time>
   </trkpt>
   <trkpt lat="-8.0546950" lon="-34.9496020">
    <ele>14.3</ele>
    <time>2026-01-22T23:02:05Z</time>
   </trkpt>
   <trkpt lat="-8.0546820" lon="-34.9495940">
    <ele>14.3</ele>
    <time>2026-01-22T23:02:06Z</time>
   </trkpt>
   <trkpt lat="-8.0546540" lon="-34.9495830">
    <ele>14.3</ele>
    <time>2026-01-22T23:02:07Z</time>
   </trkpt>
   <trkpt lat="-8.0546400" lon="-34.9495800">
    <ele>14.3</ele>
    <time>2026-01-22T23:02:08Z</time>
   </trkpt>
   <trkpt lat="-8.0546240" lon="-34.9495790">
    <ele>14.3</ele>
    <time>2026-01-22T23:02:09Z</time>
   </trkpt>
   <trkpt lat="-8.0546070" lon="-34.9495810">
    <ele>14.3</ele>
    <time>2026-01-22T23:02:10Z</time>
   </trkpt>
   <trkpt lat="-8.0545910" lon="-34.9495800">
    <ele>14.3</ele>
    <time>2026-01-22T23:02:11Z</time>
   </trkpt>
   <trkpt lat="-8.0545750" lon="-34.9495790">
    <ele>14.3</ele>
    <time>2026-01-22T23:02:12Z</time>
   </trkpt>
   <trkpt lat="-8.0545600" lon="-34.9495770">
    <ele>14.3</ele>
    <time>2026-01-22T23:02:13Z</time>
   </trkpt>
   <trkpt lat="-8.0545480" lon="-34.9495720">
    <ele>14.3</ele>
    <time>2026-01-22T23:02:14Z</time>
   </trkpt>
   <trkpt lat="-8.0545360" lon="-34.9495670">
    <ele>14.3</ele>
    <time>2026-01-22T23:02:15Z</time>
   </trkpt>
   <trkpt lat="-8.0545230" lon="-34.9495620">
    <ele>14.3</ele>
    <time>2026-01-22T23:02:16Z</time>
   </trkpt>
   <trkpt lat="-8.0545100" lon="-34.9495540">
    <ele>14.3</ele>
    <time>2026-01-22T23:02:17Z</time>
   </trkpt>
   <trkpt lat="-8.0544970" lon="-34.9495450">
    <ele>14.3</ele>
    <time>2026-01-22T23:02:18Z</time>
   </trkpt>
   <trkpt lat="-8.0544840" lon="-34.9495370">
    <ele>14.3</ele>
    <time>2026-01-22T23:02:19Z</time>
   </trkpt>
   <trkpt lat="-8.0544720" lon="-34.9495270">
    <ele>14.3</ele>
    <time>2026-01-22T23:02:20Z</time>
   </trkpt>
   <trkpt lat="-8.0544610" lon="-34.9495160">
    <ele>14.3</ele>
    <time>2026-01-22T23:02:21Z</time>
   </trkpt>
   <trkpt lat="-8.0544490" lon="-34.9495050">
    <ele>14.3</ele>
    <time>2026-01-22T23:02:22Z</time>
   </trkpt>
   <trkpt lat="-8.0544350" lon="-34.9494940">
    <ele>14.3</ele>
    <time>2026-01-22T23:02:23Z</time>
   </trkpt>
   <trkpt lat="-8.0544250" lon="-34.9494840">
    <ele>14.3</ele>
    <time>2026-01-22T23:02:24Z</time>
   </trkpt>
   <trkpt lat="-8.0544130" lon="-34.9494720">
    <ele>14.3</ele>
    <time>2026-01-22T23:02:25Z</time>
   </trkpt>
   <trkpt lat="-8.0544020" lon="-34.9494620">
    <ele>14.4</ele>
    <time>2026-01-22T23:02:26Z</time>
   </trkpt>
   <trkpt lat="-8.0543870" lon="-34.9494470">
    <ele>14.4</ele>
    <time>2026-01-22T23:02:27Z</time>
   </trkpt>
   <trkpt lat="-8.0543800" lon="-34.9494430">
    <ele>14.4</ele>
    <time>2026-01-22T23:02:28Z</time>
   </trkpt>
   <trkpt lat="-8.0543730" lon="-34.9494390">
    <ele>14.4</ele>
    <time>2026-01-22T23:02:29Z</time>
   </trkpt>
   <trkpt lat="-8.0543620" lon="-34.9494350">
    <ele>14.4</ele>
    <time>2026-01-22T23:02:30Z</time>
   </trkpt>
   <trkpt lat="-8.0543520" lon="-34.9494290">
    <ele>14.4</ele>
    <time>2026-01-22T23:02:31Z</time>
   </trkpt>
   <trkpt lat="-8.0543420" lon="-34.9494250">
    <ele>14.4</ele>
    <time>2026-01-22T23:02:32Z</time>
   </trkpt>
   <trkpt lat="-8.0543310" lon="-34.9494200">
    <ele>14.4</ele>
    <time>2026-01-22T23:02:33Z</time>
   </trkpt>
   <trkpt lat="-8.0543120" lon="-34.9494080">
    <ele>14.4</ele>
    <time>2026-01-22T23:02:34Z</time>
   </trkpt>
   <trkpt lat="-8.0542910" lon="-34.9493980">
    <ele>14.4</ele>
    <time>2026-01-22T23:02:36Z</time>
   </trkpt>
   <trkpt lat="-8.0542840" lon="-34.9493960">
    <ele>14.4</ele>
    <time>2026-01-22T23:02:37Z</time>
   </trkpt>
   <trkpt lat="-8.0542770" lon="-34.9493930">
    <ele>14.4</ele>
    <time>2026-01-22T23:02:38Z</time>
   </trkpt>
   <trkpt lat="-8.0542660" lon="-34.9493910">
    <ele>14.4</ele>
    <time>2026-01-22T23:02:39Z</time>
   </trkpt>
   <trkpt lat="-8.0542470" lon="-34.9493830">
    <ele>14.4</ele>
    <time>2026-01-22T23:02:40Z</time>
   </trkpt>
   <trkpt lat="-8.0542360" lon="-34.9493770">
    <ele>14.4</ele>
    <time>2026-01-22T23:02:41Z</time>
   </trkpt>
   <trkpt lat="-8.0542230" lon="-34.9493700">
    <ele>14.4</ele>
    <time>2026-01-22T23:02:43Z</time>
   </trkpt>
   <trkpt lat="-8.0542150" lon="-34.9493660">
    <ele>14.4</ele>
    <time>2026-01-22T23:02:44Z</time>
   </trkpt>
   <trkpt lat="-8.0542080" lon="-34.9493630">
    <ele>14.4</ele>
    <time>2026-01-22T23:02:45Z</time>
   </trkpt>
   <trkpt lat="-8.0541950" lon="-34.9493590">
    <ele>14.4</ele>
    <time>2026-01-22T23:02:46Z</time>
   </trkpt>
   <trkpt lat="-8.0541940" lon="-34.9493580">
    <ele>14.4</ele>
    <time>2026-01-22T23:02:47Z</time>
   </trkpt>
   <trkpt lat="-8.0541880" lon="-34.9493530">
    <ele>14.4</ele>
    <time>2026-01-22T23:02:48Z</time>
   </trkpt>
   <trkpt lat="-8.0541800" lon="-34.9493480">
    <ele>14.4</ele>
    <time>2026-01-22T23:02:49Z</time>
   </trkpt>
   <trkpt lat="-8.0541710" lon="-34.9493420">
    <ele>14.4</ele>
    <time>2026-01-22T23:02:50Z</time>
   </trkpt>
   <trkpt lat="-8.0541630" lon="-34.9493350">
    <ele>14.4</ele>
    <time>2026-01-22T23:02:51Z</time>
   </trkpt>
   <trkpt lat="-8.0541580" lon="-34.9493280">
    <ele>14.4</ele>
    <time>2026-01-22T23:02:52Z</time>
   </trkpt>
   <trkpt lat="-8.0541500" lon="-34.9493210">
    <ele>14.4</ele>
    <time>2026-01-22T23:02:53Z</time>
   </trkpt>
   <trkpt lat="-8.0541310" lon="-34.9493080">
    <ele>14.4</ele>
    <time>2026-01-22T23:02:54Z</time>
   </trkpt>
   <trkpt lat="-8.0541260" lon="-34.9493040">
    <ele>14.4</ele>
    <time>2026-01-22T23:02:55Z</time>
   </trkpt>
   <trkpt lat="-8.0541200" lon="-34.9493000">
    <ele>14.4</ele>
    <time>2026-01-22T23:02:56Z</time>
   </trkpt>
   <trkpt lat="-8.0541030" lon="-34.9492850">
    <ele>14.4</ele>
    <time>2026-01-22T23:02:57Z</time>
   </trkpt>
   <trkpt lat="-8.0540970" lon="-34.9492800">
    <ele>14.4</ele>
    <time>2026-01-22T23:02:58Z</time>
   </trkpt>
   <trkpt lat="-8.0540900" lon="-34.9492740">
    <ele>14.4</ele>
    <time>2026-01-22T23:02:59Z</time>
   </trkpt>
   <trkpt lat="-8.0540790" lon="-34.9492620">
    <ele>14.4</ele>
    <time>2026-01-22T23:03:00Z</time>
   </trkpt>
   <trkpt lat="-8.0540670" lon="-34.9492540">
    <ele>14.4</ele>
    <time>2026-01-22T23:03:01Z</time>
   </trkpt>
   <trkpt lat="-8.0540500" lon="-34.9492410">
    <ele>14.4</ele>
    <time>2026-01-22T23:03:02Z</time>
   </trkpt>
   <trkpt lat="-8.0540440" lon="-34.9492360">
    <ele>14.4</ele>
    <time>2026-01-22T23:03:03Z</time>
   </trkpt>
   <trkpt lat="-8.0540370" lon="-34.9492310">
    <ele>14.4</ele>
    <time>2026-01-22T23:03:04Z</time>
   </trkpt>
   <trkpt lat="-8.0540220" lon="-34.9492180">
    <ele>14.4</ele>
    <time>2026-01-22T23:03:05Z</time>
   </trkpt>
   <trkpt lat="-8.0540150" lon="-34.9492130">
    <ele>14.4</ele>
    <time>2026-01-22T23:03:06Z</time>
   </trkpt>
   <trkpt lat="-8.0540090" lon="-34.9492070">
    <ele>14.4</ele>
    <time>2026-01-22T23:03:07Z</time>
   </trkpt>
   <trkpt lat="-8.0540010" lon="-34.9492010">
    <ele>14.4</ele>
    <time>2026-01-22T23:03:08Z</time>
   </trkpt>
   <trkpt lat="-8.0539930" lon="-34.9491950">
    <ele>14.4</ele>
    <time>2026-01-22T23:03:09Z</time>
   </trkpt>
   <trkpt lat="-8.0539850" lon="-34.9491880">
    <ele>14.4</ele>
    <time>2026-01-22T23:03:10Z</time>
   </trkpt>
   <trkpt lat="-8.0539790" lon="-34.9491810">
    <ele>14.4</ele>
    <time>2026-01-22T23:03:11Z</time>
   </trkpt>
   <trkpt lat="-8.0539720" lon="-34.9491750">
    <ele>14.4</ele>
    <time>2026-01-22T23:03:12Z</time>
   </trkpt>
   <trkpt lat="-8.0539660" lon="-34.9491690">
    <ele>14.4</ele>
    <time>2026-01-22T23:03:13Z</time>
   </trkpt>
   <trkpt lat="-8.0539600" lon="-34.9491620">
    <ele>14.4</ele>
    <time>2026-01-22T23:03:14Z</time>
   </trkpt>
   <trkpt lat="-8.0539540" lon="-34.9491550">
    <ele>14.4</ele>
    <time>2026-01-22T23:03:15Z</time>
   </trkpt>
   <trkpt lat="-8.0539460" lon="-34.9491470">
    <ele>14.4</ele>
    <time>2026-01-22T23:03:16Z</time>
   </trkpt>
   <trkpt lat="-8.0539390" lon="-34.9491380">
    <ele>14.4</ele>
    <time>2026-01-22T23:03:17Z</time>
   </trkpt>
   <trkpt lat="-8.0539310" lon="-34.9491290">
    <ele>14.4</ele>
    <time>2026-01-22T23:03:18Z</time>
   </trkpt>
   <trkpt lat="-8.0539210" lon="-34.9491230">
    <ele>14.4</ele>
    <time>2026-01-22T23:03:19Z</time>
   </trkpt>
   <trkpt lat="-8.0538990" lon="-34.9491140">
    <ele>14.4</ele>
    <time>2026-01-22T23:03:20Z</time>
   </trkpt>
   <trkpt lat="-8.0538810" lon="-34.9491060">
    <ele>14.4</ele>
    <time>2026-01-22T23:03:21Z</time>
   </trkpt>
   <trkpt lat="-8.0538750" lon="-34.9491040">
    <ele>14.4</ele>
    <time>2026-01-22T23:03:22Z</time>
   </trkpt>
   <trkpt lat="-8.0538540" lon="-34.9490990">
    <ele>14.4</ele>
    <time>2026-01-22T23:03:23Z</time>
   </trkpt>
   <trkpt lat="-8.0538460" lon="-34.9490960">
    <ele>14.4</ele>
    <time>2026-01-22T23:03:24Z</time>
   </trkpt>
   <trkpt lat="-8.0538380" lon="-34.9490940">
    <ele>14.4</ele>
    <time>2026-01-22T23:03:25Z</time>
   </trkpt>
   <trkpt lat="-8.0538270" lon="-34.9490930">
    <ele>14.4</ele>
    <time>2026-01-22T23:03:26Z</time>
   </trkpt>
   <trkpt lat="-8.0538180" lon="-34.9490900">
    <ele>14.4</ele>
    <time>2026-01-22T23:03:27Z</time>
   </trkpt>
   <trkpt lat="-8.0538080" lon="-34.9490860">
    <ele>14.4</ele>
    <time>2026-01-22T23:03:28Z</time>
   </trkpt>
   <trkpt lat="-8.0537880" lon="-34.9490790">
    <ele>14.4</ele>
    <time>2026-01-22T23:03:29Z</time>
   </trkpt>
   <trkpt lat="-8.0537800" lon="-34.9490750">
    <ele>14.4</ele>
    <time>2026-01-22T23:03:30Z</time>
   </trkpt>
   <trkpt lat="-8.0537720" lon="-34.9490720">
    <ele>14.4</ele>
    <time>2026-01-22T23:03:31Z</time>
   </trkpt>
   <trkpt lat="-8.0537590" lon="-34.9490670">
    <ele>14.4</ele>
    <time>2026-01-22T23:03:32Z</time>
   </trkpt>
   <trkpt lat="-8.0537310" lon="-34.9490570">
    <ele>14.4</ele>
    <time>2026-01-22T23:03:33Z</time>
   </trkpt>
   <trkpt lat="-8.0537170" lon="-34.9490530">
    <ele>14.4</ele>
    <time>2026-01-22T23:03:34Z</time>
   </trkpt>
   <trkpt lat="-8.0537030" lon="-34.9490480">
    <ele>14.4</ele>
    <time>2026-01-22T23:03:35Z</time>
   </trkpt>
   <trkpt lat="-8.0536890" lon="-34.9490440">
    <ele>14.4</ele>
    <time>2026-01-22T23:03:36Z</time>
   </trkpt>
   <trkpt lat="-8.0536740" lon="-34.9490390">
    <ele>14.4</ele>
    <time>2026-01-22T23:03:37Z</time>
   </trkpt>
   <trkpt lat="-8.0536600" lon="-34.9490330">
    <ele>14.4</ele>
    <time>2026-01-22T23:03:38Z</time>
   </trkpt>
   <trkpt lat="-8.0536450" lon="-34.9490260">
    <ele>14.4</ele>
    <time>2026-01-22T23:03:39Z</time>
   </trkpt>
   <trkpt lat="-8.0536330" lon="-34.9490200">
    <ele>14.4</ele>
    <time>2026-01-22T23:03:40Z</time>
   </trkpt>
   <trkpt lat="-8.0536210" lon="-34.9490130">
    <ele>14.4</ele>
    <time>2026-01-22T23:03:41Z</time>
   </trkpt>
   <trkpt lat="-8.0536080" lon="-34.9490080">
    <ele>14.5</ele>
    <time>2026-01-22T23:03:42Z</time>
   </trkpt>
   <trkpt lat="-8.0535890" lon="-34.9489980">
    <ele>14.5</ele>
    <time>2026-01-22T23:03:43Z</time>
   </trkpt>
   <trkpt lat="-8.0535820" lon="-34.9489940">
    <ele>14.5</ele>
    <time>2026-01-22T23:03:44Z</time>
   </trkpt>
   <trkpt lat="-8.0535750" lon="-34.9489890">
    <ele>14.5</ele>
    <time>2026-01-22T23:03:45Z</time>
   </trkpt>
   <trkpt lat="-8.0535630" lon="-34.9489820">
    <ele>14.5</ele>
    <time>2026-01-22T23:03:46Z</time>
   </trkpt>
   <trkpt lat="-8.0535490" lon="-34.9489770">
    <ele>14.5</ele>
    <time>2026-01-22T23:03:47Z</time>
   </trkpt>
   <trkpt lat="-8.0535310" lon="-34.9489720">
    <ele>14.5</ele>
    <time>2026-01-22T23:03:48Z</time>
   </trkpt>
   <trkpt lat="-8.0535170" lon="-34.9489700">
    <ele>14.5</ele>
    <time>2026-01-22T23:03:49Z</time>
   </trkpt>
   <trkpt lat="-8.0534960" lon="-34.9489640">
    <ele>14.5</ele>
    <time>2026-01-22T23:03:50Z</time>
   </trkpt>
   <trkpt lat="-8.0534870" lon="-34.9489620">
    <ele>14.5</ele>
    <time>2026-01-22T23:03:51Z</time>
   </trkpt>
   <trkpt lat="-8.0534770" lon="-34.9489590">
    <ele>14.5</ele>
    <time>2026-01-22T23:03:52Z</time>
   </trkpt>
   <trkpt lat="-8.0534560" lon="-34.9489520">
    <ele>14.5</ele>
    <time>2026-01-22T23:03:53Z</time>
   </trkpt>
   <trkpt lat="-8.0534470" lon="-34.9489490">
    <ele>14.5</ele>
    <time>2026-01-22T23:03:54Z</time>
   </trkpt>
   <trkpt lat="-8.0534390" lon="-34.9489460">
    <ele>14.5</ele>
    <time>2026-01-22T23:03:55Z</time>
   </trkpt>
   <trkpt lat="-8.0534280" lon="-34.9489410">
    <ele>14.5</ele>
    <time>2026-01-22T23:03:56Z</time>
   </trkpt>
   <trkpt lat="-8.0534180" lon="-34.9489340">
    <ele>14.5</ele>
    <time>2026-01-22T23:03:57Z</time>
   </trkpt>
   <trkpt lat="-8.0534110" lon="-34.9489250">
    <ele>14.5</ele>
    <time>2026-01-22T23:03:58Z</time>
   </trkpt>
   <trkpt lat="-8.0534040" lon="-34.9489120">
    <ele>14.5</ele>
    <time>2026-01-22T23:03:59Z</time>
   </trkpt>
   <trkpt lat="-8.0534000" lon="-34.9489020">
    <ele>14.5</ele>
    <time>2026-01-22T23:04:00Z</time>
   </trkpt>
   <trkpt lat="-8.0533940" lon="-34.9488920">
    <ele>14.5</ele>
    <time>2026-01-22T23:04:01Z</time>
   </trkpt>
   <trkpt lat="-8.0533850" lon="-34.9488850">
    <ele>14.5</ele>
    <time>2026-01-22T23:04:02Z</time>
   </trkpt>
   <trkpt lat="-8.0533750" lon="-34.9488790">
    <ele>14.5</ele>
    <time>2026-01-22T23:04:03Z</time>
   </trkpt>
   <trkpt lat="-8.0533700" lon="-34.9488740">
    <ele>14.5</ele>
    <time>2026-01-22T23:04:04Z</time>
   </trkpt>
   <trkpt lat="-8.0533620" lon="-34.9488670">
    <ele>14.5</ele>
    <time>2026-01-22T23:04:05Z</time>
   </trkpt>
   <trkpt lat="-8.0533540" lon="-34.9488610">
    <ele>14.5</ele>
    <time>2026-01-22T23:04:06Z</time>
   </trkpt>
   <trkpt lat="-8.0533450" lon="-34.9488520">
    <ele>14.5</ele>
    <time>2026-01-22T23:04:07Z</time>
   </trkpt>
   <trkpt lat="-8.0533360" lon="-34.9488460">
    <ele>14.5</ele>
    <time>2026-01-22T23:04:08Z</time>
   </trkpt>
   <trkpt lat="-8.0533270" lon="-34.9488430">
    <ele>14.5</ele>
    <time>2026-01-22T23:04:09Z</time>
   </trkpt>
   <trkpt lat="-8.0533150" lon="-34.9488430">
    <ele>14.5</ele>
    <time>2026-01-22T23:04:10Z</time>
   </trkpt>
   <trkpt lat="-8.0533020" lon="-34.9488430">
    <ele>14.5</ele>
    <time>2026-01-22T23:04:11Z</time>
   </trkpt>
   <trkpt lat="-8.0532860" lon="-34.9488420">
    <ele>14.5</ele>
    <time>2026-01-22T23:04:12Z</time>
   </trkpt>
   <trkpt lat="-8.0532590" lon="-34.9488350">
    <ele>14.5</ele>
    <time>2026-01-22T23:04:13Z</time>
   </trkpt>
   <trkpt lat="-8.0532490" lon="-34.9488330">
    <ele>14.5</ele>
    <time>2026-01-22T23:04:14Z</time>
   </trkpt>
   <trkpt lat="-8.0532180" lon="-34.9488230">
    <ele>14.5</ele>
    <time>2026-01-22T23:04:15Z</time>
   </trkpt>
   <trkpt lat="-8.0532080" lon="-34.9488200">
    <ele>14.5</ele>
    <time>2026-01-22T23:04:16Z</time>
   </trkpt>
   <trkpt lat="-8.0531730" lon="-34.9488010">
    <ele>14.5</ele>
    <time>2026-01-22T23:04:17Z</time>
   </trkpt>
   <trkpt lat="-8.0531620" lon="-34.9487950">
    <ele>14.5</ele>
    <time>2026-01-22T23:04:18Z</time>
   </trkpt>
   <trkpt lat="-8.0531330" lon="-34.9487740">
    <ele>14.5</ele>
    <time>2026-01-22T23:04:19Z</time>
   </trkpt>
   <trkpt lat="-8.0531230" lon="-34.9487680">
    <ele>14.5</ele>
    <time>2026-01-22T23:04:20Z</time>
   </trkpt>
   <trkpt lat="-8.0530930" lon="-34.9487470">
    <ele>14.5</ele>
    <time>2026-01-22T23:04:21Z</time>
   </trkpt>
   <trkpt lat="-8.0530830" lon="-34.9487400">
    <ele>14.5</ele>
    <time>2026-01-22T23:04:22Z</time>
   </trkpt>
   <trkpt lat="-8.0530530" lon="-34.9487180">
    <ele>14.6</ele>
    <time>2026-01-22T23:04:23Z</time>
   </trkpt>
   <trkpt lat="-8.0530430" lon="-34.9487110">
    <ele>14.6</ele>
    <time>2026-01-22T23:04:24Z</time>
   </trkpt>
   <trkpt lat="-8.0530120" lon="-34.9486900">
    <ele>14.6</ele>
    <time>2026-01-22T23:04:25Z</time>
   </trkpt>
   <trkpt lat="-8.0530010" lon="-34.9486830">
    <ele>14.6</ele>
    <time>2026-01-22T23:04:26Z</time>
   </trkpt>
   <trkpt lat="-8.0529760" lon="-34.9486700">
    <ele>14.6</ele>
    <time>2026-01-22T23:04:27Z</time>
   </trkpt>
   <trkpt lat="-8.0529430" lon="-34.9486550">
    <ele>14.6</ele>
    <time>2026-01-22T23:04:28Z</time>
   </trkpt>
   <trkpt lat="-8.0529320" lon="-34.9486510">
    <ele>14.6</ele>
    <time>2026-01-22T23:04:29Z</time>
   </trkpt>
   <trkpt lat="-8.0528960" lon="-34.9486420">
    <ele>14.6</ele>
    <time>2026-01-22T23:04:30Z</time>
   </trkpt>
   <trkpt lat="-8.0528840" lon="-34.9486390">
    <ele>14.7</ele>
    <time>2026-01-22T23:04:31Z</time>
   </trkpt>
   <trkpt lat="-8.0528480" lon="-34.9486270">
    <ele>14.7</ele>
    <time>2026-01-22T23:04:32Z</time>
   </trkpt>
   <trkpt lat="-8.0528360" lon="-34.9486230">
    <ele>14.7</ele>
    <time>2026-01-22T23:04:33Z</time>
   </trkpt>
   <trkpt lat="-8.0527990" lon="-34.9486130">
    <ele>14.7</ele>
    <time>2026-01-22T23:04:34Z</time>
   </trkpt>
   <trkpt lat="-8.0527870" lon="-34.9486110">
    <ele>14.7</ele>
    <time>2026-01-22T23:04:35Z</time>
   </trkpt>
   <trkpt lat="-8.0527520" lon="-34.9486010">
    <ele>14.8</ele>
    <time>2026-01-22T23:04:36Z</time>
   </trkpt>
   <trkpt lat="-8.0527400" lon="-34.9485970">
    <ele>14.8</ele>
    <time>2026-01-22T23:04:37Z</time>
   </trkpt>
   <trkpt lat="-8.0527140" lon="-34.9485860">
    <ele>14.8</ele>
    <time>2026-01-22T23:04:38Z</time>
   </trkpt>
   <trkpt lat="-8.0526810" lon="-34.9485720">
    <ele>14.8</ele>
    <time>2026-01-22T23:04:39Z</time>
   </trkpt>
   <trkpt lat="-8.0526690" lon="-34.9485680">
    <ele>14.8</ele>
    <time>2026-01-22T23:04:40Z</time>
   </trkpt>
   <trkpt lat="-8.0526380" lon="-34.9485500">
    <ele>14.8</ele>
    <time>2026-01-22T23:04:41Z</time>
   </trkpt>
   <trkpt lat="-8.0526270" lon="-34.9485440">
    <ele>14.8</ele>
    <time>2026-01-22T23:04:42Z</time>
   </trkpt>
   <trkpt lat="-8.0525930" lon="-34.9485240">
    <ele>14.9</ele>
    <time>2026-01-22T23:04:43Z</time>
   </trkpt>
   <trkpt lat="-8.0525820" lon="-34.9485180">
    <ele>14.9</ele>
    <time>2026-01-22T23:04:44Z</time>
   </trkpt>
   <trkpt lat="-8.0525530" lon="-34.9484960">
    <ele>14.9</ele>
    <time>2026-01-22T23:04:45Z</time>
   </trkpt>
   <trkpt lat="-8.0525440" lon="-34.9484880">
    <ele>14.9</ele>
    <time>2026-01-22T23:04:46Z</time>
   </trkpt>
   <trkpt lat="-8.0525170" lon="-34.9484660">
    <ele>14.9</ele>
    <time>2026-01-22T23:04:47Z</time>
   </trkpt>
   <trkpt lat="-8.0525070" lon="-34.9484600">
    <ele>14.9</ele>
    <time>2026-01-22T23:04:48Z</time>
   </trkpt>
   <trkpt lat="-8.0524820" lon="-34.9484420">
    <ele>15.0</ele>
    <time>2026-01-22T23:04:49Z</time>
   </trkpt>
   <trkpt lat="-8.0524740" lon="-34.9484370">
    <ele>15.0</ele>
    <time>2026-01-22T23:04:50Z</time>
   </trkpt>
   <trkpt lat="-8.0524560" lon="-34.9484300">
    <ele>15.0</ele>
    <time>2026-01-22T23:04:51Z</time>
   </trkpt>
   <trkpt lat="-8.0524450" lon="-34.9484290">
    <ele>15.0</ele>
    <time>2026-01-22T23:04:52Z</time>
   </trkpt>
   <trkpt lat="-8.0524340" lon="-34.9484260">
    <ele>15.0</ele>
    <time>2026-01-22T23:04:53Z</time>
   </trkpt>
   <trkpt lat="-8.0524250" lon="-34.9484230">
    <ele>15.0</ele>
    <time>2026-01-22T23:04:54Z</time>
   </trkpt>
   <trkpt lat="-8.0524160" lon="-34.9484190">
    <ele>15.0</ele>
    <time>2026-01-22T23:04:55Z</time>
   </trkpt>
   <trkpt lat="-8.0524070" lon="-34.9484170">
    <ele>15.0</ele>
    <time>2026-01-22T23:04:56Z</time>
   </trkpt>
   <trkpt lat="-8.0523960" lon="-34.9484190">
    <ele>15.0</ele>
    <time>2026-01-22T23:04:57Z</time>
   </trkpt>
   <trkpt lat="-8.0523880" lon="-34.9484250">
    <ele>15.0</ele>
    <time>2026-01-22T23:04:58Z</time>
   </trkpt>
   <trkpt lat="-8.0523690" lon="-34.9484330">
    <ele>15.0</ele>
    <time>2026-01-22T23:04:59Z</time>
   </trkpt>
   <trkpt lat="-8.0523590" lon="-34.9484350">
    <ele>15.0</ele>
    <time>2026-01-22T23:05:00Z</time>
   </trkpt>
   <trkpt lat="-8.0523500" lon="-34.9484370">
    <ele>15.0</ele>
    <time>2026-01-22T23:05:01Z</time>
   </trkpt>
   <trkpt lat="-8.0523250" lon="-34.9484470">
    <ele>15.0</ele>
    <time>2026-01-22T23:05:02Z</time>
   </trkpt>
   <trkpt lat="-8.0523150" lon="-34.9484510">
    <ele>15.0</ele>
    <time>2026-01-22T23:05:03Z</time>
   </trkpt>
   <trkpt lat="-8.0522870" lon="-34.9484680">
    <ele>15.0</ele>
    <time>2026-01-22T23:05:04Z</time>
   </trkpt>
   <trkpt lat="-8.0522770" lon="-34.9484750">
    <ele>15.0</ele>
    <time>2026-01-22T23:05:05Z</time>
   </trkpt>
   <trkpt lat="-8.0522570" lon="-34.9485000">
    <ele>15.0</ele>
    <time>2026-01-22T23:05:06Z</time>
   </trkpt>
   <trkpt lat="-8.0522500" lon="-34.9485090">
    <ele>15.0</ele>
    <time>2026-01-22T23:05:07Z</time>
   </trkpt>
   <trkpt lat="-8.0522320" lon="-34.9485400">
    <ele>15.0</ele>
    <time>2026-01-22T23:05:08Z</time>
   </trkpt>
   <trkpt lat="-8.0522260" lon="-34.9485530">
    <ele>15.0</ele>
    <time>2026-01-22T23:05:09Z</time>
   </trkpt>
   <trkpt lat="-8.0522130" lon="-34.9485830">
    <ele>15.0</ele>
    <time>2026-01-22T23:05:10Z</time>
   </trkpt>
   <trkpt lat="-8.0522080" lon="-34.9485950">
    <ele>15.0</ele>
    <time>2026-01-22T23:05:11Z</time>
   </trkpt>
   <trkpt lat="-8.0521970" lon="-34.9486290">
    <ele>15.0</ele>
    <time>2026-01-22T23:05:12Z</time>
   </trkpt>
   <trkpt lat="-8.0521930" lon="-34.9486390">
    <ele>15.0</ele>
    <time>2026-01-22T23:05:13Z</time>
   </trkpt>
   <trkpt lat="-8.0521820" lon="-34.9486710">
    <ele>15.0</ele>
    <time>2026-01-22T23:05:14Z</time>
   </trkpt>
   <trkpt lat="-8.0521780" lon="-34.9486790">
    <ele>15.0</ele>
    <time>2026-01-22T23:05:15Z</time>
   </trkpt>
   <trkpt lat="-8.0521650" lon="-34.9487070">
    <ele>15.0</ele>
    <time>2026-01-22T23:05:16Z</time>
   </trkpt>
   <trkpt lat="-8.0521610" lon="-34.9487150">
    <ele>15.1</ele>
    <time>2026-01-22T23:05:17Z</time>
   </trkpt>
   <trkpt lat="-8.0521520" lon="-34.9487460">
    <ele>15.1</ele>
    <time>2026-01-22T23:05:18Z</time>
   </trkpt>
   <trkpt lat="-8.0521500" lon="-34.9487570">
    <ele>15.1</ele>
    <time>2026-01-22T23:05:19Z</time>
   </trkpt>
   <trkpt lat="-8.0521460" lon="-34.9487890">
    <ele>15.1</ele>
    <time>2026-01-22T23:05:20Z</time>
   </trkpt>
   <trkpt lat="-8.0521440" lon="-34.9488000">
    <ele>15.1</ele>
    <time>2026-01-22T23:05:21Z</time>
   </trkpt>
   <trkpt lat="-8.0521360" lon="-34.9488390">
    <ele>15.1</ele>
    <time>2026-01-22T23:05:22Z</time>
   </trkpt>
   <trkpt lat="-8.0521320" lon="-34.9488500">
    <ele>15.1</ele>
    <time>2026-01-22T23:05:23Z</time>
   </trkpt>
   <trkpt lat="-8.0521230" lon="-34.9488760">
    <ele>15.1</ele>
    <time>2026-01-22T23:05:24Z</time>
   </trkpt>
   <trkpt lat="-8.0521120" lon="-34.9489140">
    <ele>15.1</ele>
    <time>2026-01-22T23:05:25Z</time>
   </trkpt>
   <trkpt lat="-8.0521080" lon="-34.9489270">
    <ele>15.1</ele>
    <time>2026-01-22T23:05:26Z</time>
   </trkpt>
   <trkpt lat="-8.0521010" lon="-34.9489660">
    <ele>15.1</ele>
    <time>2026-01-22T23:05:27Z</time>
   </trkpt>
   <trkpt lat="-8.0520980" lon="-34.9489780">
    <ele>15.1</ele>
    <time>2026-01-22T23:05:28Z</time>
   </trkpt>
   <trkpt lat="-8.0520940" lon="-34.9490040">
    <ele>15.1</ele>
    <time>2026-01-22T23:05:29Z</time>
   </trkpt>
   <trkpt lat="-8.0520890" lon="-34.9490420">
    <ele>15.0</ele>
    <time>2026-01-22T23:05:30Z</time>
   </trkpt>
   <trkpt lat="-8.0520880" lon="-34.9490540">
    <ele>15.0</ele>
    <time>2026-01-22T23:05:31Z</time>
   </trkpt>
   <trkpt lat="-8.0520880" lon="-34.9490830">
    <ele>15.0</ele>
    <time>2026-01-22T23:05:32Z</time>
   </trkpt>
   <trkpt lat="-8.0520870" lon="-34.9490920">
    <ele>15.0</ele>
    <time>2026-01-22T23:05:33Z</time>
   </trkpt>
   <trkpt lat="-8.0520850" lon="-34.9491100">
    <ele>15.0</ele>
    <time>2026-01-22T23:05:34Z</time>
   </trkpt>
   <trkpt lat="-8.0520830" lon="-34.9491260">
    <ele>15.0</ele>
    <time>2026-01-22T23:05:35Z</time>
   </trkpt>
   <trkpt lat="-8.0520780" lon="-34.9491460">
    <ele>15.0</ele>
    <time>2026-01-22T23:05:36Z</time>
   </trkpt>
   <trkpt lat="-8.0520770" lon="-34.9491620">
    <ele>15.0</ele>
    <time>2026-01-22T23:05:37Z</time>
   </trkpt>
   <trkpt lat="-8.0520750" lon="-34.9491920">
    <ele>15.0</ele>
    <time>2026-01-22T23:05:38Z</time>
   </trkpt>
   <trkpt lat="-8.0520740" lon="-34.9492000">
    <ele>15.0</ele>
    <time>2026-01-22T23:05:39Z</time>
   </trkpt>
   <trkpt lat="-8.0520700" lon="-34.9492330">
    <ele>15.0</ele>
    <time>2026-01-22T23:05:40Z</time>
   </trkpt>
   <trkpt lat="-8.0520690" lon="-34.9492430">
    <ele>15.0</ele>
    <time>2026-01-22T23:05:41Z</time>
   </trkpt>
   <trkpt lat="-8.0520690" lon="-34.9492740">
    <ele>15.0</ele>
    <time>2026-01-22T23:05:42Z</time>
   </trkpt>
   <trkpt lat="-8.0520690" lon="-34.9492850">
    <ele>15.0</ele>
    <time>2026-01-22T23:05:43Z</time>
   </trkpt>
   <trkpt lat="-8.0520710" lon="-34.9493110">
    <ele>15.0</ele>
    <time>2026-01-22T23:05:44Z</time>
   </trkpt>
   <trkpt lat="-8.0520720" lon="-34.9493220">
    <ele>15.0</ele>
    <time>2026-01-22T23:05:45Z</time>
   </trkpt>
   <trkpt lat="-8.0520720" lon="-34.9493560">
    <ele>15.0</ele>
    <time>2026-01-22T23:05:46Z</time>
   </trkpt>
   <trkpt lat="-8.0520720" lon="-34.9493670">
    <ele>15.0</ele>
    <time>2026-01-22T23:05:47Z</time>
   </trkpt>
   <trkpt lat="-8.0520660" lon="-34.9494000">
    <ele>14.9</ele>
    <time>2026-01-22T23:05:48Z</time>
   </trkpt>
   <trkpt lat="-8.0520620" lon="-34.9494100">
    <ele>14.9</ele>
    <time>2026-01-22T23:05:49Z</time>
   </trkpt>
   <trkpt lat="-8.0520540" lon="-34.9494390">
    <ele>14.9</ele>
    <time>2026-01-22T23:05:50Z</time>
   </trkpt>
   <trkpt lat="-8.0520510" lon="-34.9494490">
    <ele>14.9</ele>
    <time>2026-01-22T23:05:51Z</time>
   </trkpt>
   <trkpt lat="-8.0520470" lon="-34.9494850">
    <ele>14.9</ele>
    <time>2026-01-22T23:05:52Z</time>
   </trkpt>
   <trkpt lat="-8.0520460" lon="-34.9494970">
    <ele>14.9</ele>
    <time>2026-01-22T23:05:53Z</time>
   </trkpt>
   <trkpt lat="-8.0520450" lon="-34.9495300">
    <ele>14.9</ele>
    <time>2026-01-22T23:05:54Z</time>
   </trkpt>
   <trkpt lat="-8.0520450" lon="-34.9495430">
    <ele>14.9</ele>
    <time>2026-01-22T23:05:55Z</time>
   </trkpt>
   <trkpt lat="-8.0520490" lon="-34.9495750">
    <ele>14.9</ele>
    <time>2026-01-22T23:05:56Z</time>
   </trkpt>
   <trkpt lat="-8.0520500" lon="-34.9495870">
    <ele>14.9</ele>
    <time>2026-01-22T23:05:57Z</time>
   </trkpt>
   <trkpt lat="-8.0520530" lon="-34.9496230">
    <ele>14.9</ele>
    <time>2026-01-22T23:05:58Z</time>
   </trkpt>
   <trkpt lat="-8.0520530" lon="-34.9496360">
    <ele>14.9</ele>
    <time>2026-01-22T23:05:59Z</time>
   </trkpt>
   <trkpt lat="-8.0520530" lon="-34.9496700">
    <ele>14.9</ele>
    <time>2026-01-22T23:06:00Z</time>
   </trkpt>
   <trkpt lat="-8.0520520" lon="-34.9496810">
    <ele>14.9</ele>
    <time>2026-01-22T23:06:01Z</time>
   </trkpt>
   <trkpt lat="-8.0520510" lon="-34.9497150">
    <ele>14.9</ele>
    <time>2026-01-22T23:06:02Z</time>
   </trkpt>
   <trkpt lat="-8.0520500" lon="-34.9497240">
    <ele>14.9</ele>
    <time>2026-01-22T23:06:03Z</time>
   </trkpt>
   <trkpt lat="-8.0520450" lon="-34.9497550">
    <ele>14.9</ele>
    <time>2026-01-22T23:06:04Z</time>
   </trkpt>
   <trkpt lat="-8.0520430" lon="-34.9497660">
    <ele>14.9</ele>
    <time>2026-01-22T23:06:05Z</time>
   </trkpt>
   <trkpt lat="-8.0520320" lon="-34.9497980">
    <ele>14.9</ele>
    <time>2026-01-22T23:06:06Z</time>
   </trkpt>
   <trkpt lat="-8.0520280" lon="-34.9498080">
    <ele>14.9</ele>
    <time>2026-01-22T23:06:07Z</time>
   </trkpt>
   <trkpt lat="-8.0520220" lon="-34.9498370">
    <ele>14.9</ele>
    <time>2026-01-22T23:06:08Z</time>
   </trkpt>
   <trkpt lat="-8.0520190" lon="-34.9498480">
    <ele>14.9</ele>
    <time>2026-01-22T23:06:09Z</time>
   </trkpt>
   <trkpt lat="-8.0520150" lon="-34.9498820">
    <ele>14.9</ele>
    <time>2026-01-22T23:06:10Z</time>
   </trkpt>
   <trkpt lat="-8.0520130" lon="-34.9498930">
    <ele>14.9</ele>
    <time>2026-01-22T23:06:11Z</time>
   </trkpt>
   <trkpt lat="-8.0520090" lon="-34.9499270">
    <ele>14.9</ele>
    <time>2026-01-22T23:06:12Z</time>
   </trkpt>
   <trkpt lat="-8.0520070" lon="-34.9499370">
    <ele>14.9</ele>
    <time>2026-01-22T23:06:13Z</time>
   </trkpt>
   <trkpt lat="-8.0520040" lon="-34.9499660">
    <ele>14.9</ele>
    <time>2026-01-22T23:06:14Z</time>
   </trkpt>
   <trkpt lat="-8.0520030" lon="-34.9499750">
    <ele>14.9</ele>
    <time>2026-01-22T23:06:15Z</time>
   </trkpt>
   <trkpt lat="-8.0519960" lon="-34.9500060">
    <ele>14.9</ele>
    <time>2026-01-22T23:06:16Z</time>
   </trkpt>
   <trkpt lat="-8.0519950" lon="-34.9500150">
    <ele>14.9</ele>
    <time>2026-01-22T23:06:17Z</time>
   </trkpt>
   <trkpt lat="-8.0519920" lon="-34.9500520">
    <ele>14.9</ele>
    <time>2026-01-22T23:06:18Z</time>
   </trkpt>
   <trkpt lat="-8.0519900" lon="-34.9500620">
    <ele>14.9</ele>
    <time>2026-01-22T23:06:19Z</time>
   </trkpt>
   <trkpt lat="-8.0519880" lon="-34.9500950">
    <ele>14.9</ele>
    <time>2026-01-22T23:06:20Z</time>
   </trkpt>
   <trkpt lat="-8.0519870" lon="-34.9501060">
    <ele>14.9</ele>
    <time>2026-01-22T23:06:21Z</time>
   </trkpt>
   <trkpt lat="-8.0519880" lon="-34.9501400">
    <ele>14.9</ele>
    <time>2026-01-22T23:06:22Z</time>
   </trkpt>
   <trkpt lat="-8.0519870" lon="-34.9501500">
    <ele>14.9</ele>
    <time>2026-01-22T23:06:23Z</time>
   </trkpt>
   <trkpt lat="-8.0519850" lon="-34.9501820">
    <ele>14.9</ele>
    <time>2026-01-22T23:06:24Z</time>
   </trkpt>
   <trkpt lat="-8.0519840" lon="-34.9501930">
    <ele>14.9</ele>
    <time>2026-01-22T23:06:25Z</time>
   </trkpt>
   <trkpt lat="-8.0519820" lon="-34.9502250">
    <ele>14.9</ele>
    <time>2026-01-22T23:06:26Z</time>
   </trkpt>
   <trkpt lat="-8.0519810" lon="-34.9502360">
    <ele>14.9</ele>
    <time>2026-01-22T23:06:27Z</time>
   </trkpt>
   <trkpt lat="-8.0519880" lon="-34.9502480">
    <ele>14.9</ele>
    <time>2026-01-22T23:06:28Z</time>
   </trkpt>
   <trkpt lat="-8.0519950" lon="-34.9502670">
    <ele>14.9</ele>
    <time>2026-01-22T23:06:29Z</time>
   </trkpt>
   <trkpt lat="-8.0520060" lon="-34.9502950">
    <ele>14.9</ele>
    <time>2026-01-22T23:06:30Z</time>
   </trkpt>
   <trkpt lat="-8.0520080" lon="-34.9503050">
    <ele>14.9</ele>
    <time>2026-01-22T23:06:31Z</time>
   </trkpt>
   <trkpt lat="-8.0520090" lon="-34.9503390">
    <ele>14.9</ele>
    <time>2026-01-22T23:06:32Z</time>
   </trkpt>
   <trkpt lat="-8.0520080" lon="-34.9503500">
    <ele>14.9</ele>
    <time>2026-01-22T23:06:33Z</time>
   </trkpt>
   <trkpt lat="-8.0520040" lon="-34.9503850">
    <ele>14.9</ele>
    <time>2026-01-22T23:06:34Z</time>
   </trkpt>
   <trkpt lat="-8.0520010" lon="-34.9503960">
    <ele>14.9</ele>
    <time>2026-01-22T23:06:35Z</time>
   </trkpt>
   <trkpt lat="-8.0519980" lon="-34.9504310">
    <ele>14.9</ele>
    <time>2026-01-22T23:06:36Z</time>
   </trkpt>
   <trkpt lat="-8.0519970" lon="-34.9504420">
    <ele>14.9</ele>
    <time>2026-01-22T23:06:37Z</time>
   </trkpt>
   <trkpt lat="-8.0519990" lon="-34.9504790">
    <ele>14.9</ele>
    <time>2026-01-22T23:06:38Z</time>
   </trkpt>
   <trkpt lat="-8.0520000" lon="-34.9504910">
    <ele>14.9</ele>
    <time>2026-01-22T23:06:39Z</time>
   </trkpt>
   <trkpt lat="-8.0520030" lon="-34.9505260">
    <ele>14.9</ele>
    <time>2026-01-22T23:06:40Z</time>
   </trkpt>
   <trkpt lat="-8.0520040" lon="-34.9505370">
    <ele>14.9</ele>
    <time>2026-01-22T23:06:41Z</time>
   </trkpt>
   <trkpt lat="-8.0520070" lon="-34.9505680">
    <ele>14.9</ele>
    <time>2026-01-22T23:06:42Z</time>
   </trkpt>
   <trkpt lat="-8.0520110" lon="-34.9506080">
    <ele>14.8</ele>
    <time>2026-01-22T23:06:43Z</time>
   </trkpt>
   <trkpt lat="-8.0520110" lon="-34.9506220">
    <ele>14.8</ele>
    <time>2026-01-22T23:06:44Z</time>
   </trkpt>
   <trkpt lat="-8.0520140" lon="-34.9506600">
    <ele>14.8</ele>
    <time>2026-01-22T23:06:45Z</time>
   </trkpt>
   <trkpt lat="-8.0520150" lon="-34.9506750">
    <ele>14.8</ele>
    <time>2026-01-22T23:06:46Z</time>
   </trkpt>
   <trkpt lat="-8.0520190" lon="-34.9507120">
    <ele>14.8</ele>
    <time>2026-01-22T23:06:47Z</time>
   </trkpt>
   <trkpt lat="-8.0520200" lon="-34.9507250">
    <ele>14.8</ele>
    <time>2026-01-22T23:06:48Z</time>
   </trkpt>
   <trkpt lat="-8.0520210" lon="-34.9507610">
    <ele>14.8</ele>
    <time>2026-01-22T23:06:49Z</time>
   </trkpt>
   <trkpt lat="-8.0520210" lon="-34.9507720">
    <ele>14.8</ele>
    <time>2026-01-22T23:06:50Z</time>
   </trkpt>
   <trkpt lat="-8.0520180" lon="-34.9508050">
    <ele>14.8</ele>
    <time>2026-01-22T23:06:51Z</time>
   </trkpt>
   <trkpt lat="-8.0520160" lon="-34.9508160">
    <ele>14.8</ele>
    <time>2026-01-22T23:06:52Z</time>
   </trkpt>
   <trkpt lat="-8.0520120" lon="-34.9508500">
    <ele>14.8</ele>
    <time>2026-01-22T23:06:53Z</time>
   </trkpt>
   <trkpt lat="-8.0520100" lon="-34.9508620">
    <ele>14.8</ele>
    <time>2026-01-22T23:06:54Z</time>
   </trkpt>
   <trkpt lat="-8.0520060" lon="-34.9508970">
    <ele>14.8</ele>
    <time>2026-01-22T23:06:55Z</time>
   </trkpt>
   <trkpt lat="-8.0520040" lon="-34.9509070">
    <ele>14.8</ele>
    <time>2026-01-22T23:06:56Z</time>
   </trkpt>
   <trkpt lat="-8.0520000" lon="-34.9509420">
    <ele>14.8</ele>
    <time>2026-01-22T23:06:57Z</time>
   </trkpt>
   <trkpt lat="-8.0519990" lon="-34.9509520">
    <ele>14.8</ele>
    <time>2026-01-22T23:06:58Z</time>
   </trkpt>
   <trkpt lat="-8.0519950" lon="-34.9509880">
    <ele>14.8</ele>
    <time>2026-01-22T23:06:59Z</time>
   </trkpt>
   <trkpt lat="-8.0519940" lon="-34.9509980">
    <ele>14.8</ele>
    <time>2026-01-22T23:07:00Z</time>
   </trkpt>
   <trkpt lat="-8.0519910" lon="-34.9510340">
    <ele>14.8</ele>
    <time>2026-01-22T23:07:01Z</time>
   </trkpt>
   <trkpt lat="-8.0519900" lon="-34.9510440">
    <ele>14.8</ele>
    <time>2026-01-22T23:07:02Z</time>
   </trkpt>
   <trkpt lat="-8.0519950" lon="-34.9510780">
    <ele>14.8</ele>
    <time>2026-01-22T23:07:03Z</time>
   </trkpt>
   <trkpt lat="-8.0519970" lon="-34.9510900">
    <ele>14.8</ele>
    <time>2026-01-22T23:07:04Z</time>
   </trkpt>
   <trkpt lat="-8.0519990" lon="-34.9511270">
    <ele>14.8</ele>
    <time>2026-01-22T23:07:05Z</time>
   </trkpt>
   <trkpt lat="-8.0519990" lon="-34.9511380">
    <ele>14.8</ele>
    <time>2026-01-22T23:07:06Z</time>
   </trkpt>
   <trkpt lat="-8.0520030" lon="-34.9511720">
    <ele>14.8</ele>
    <time>2026-01-22T23:07:07Z</time>
   </trkpt>
   <trkpt lat="-8.0520040" lon="-34.9511840">
    <ele>14.8</ele>
    <time>2026-01-22T23:07:08Z</time>
   </trkpt>
   <trkpt lat="-8.0520040" lon="-34.9512150">
    <ele>14.8</ele>
    <time>2026-01-22T23:07:09Z</time>
   </trkpt>
   <trkpt lat="-8.0520030" lon="-34.9512260">
    <ele>14.7</ele>
    <time>2026-01-22T23:07:10Z</time>
   </trkpt>
   <trkpt lat="-8.0520030" lon="-34.9512610">
    <ele>14.7</ele>
    <time>2026-01-22T23:07:11Z</time>
   </trkpt>
   <trkpt lat="-8.0520030" lon="-34.9512730">
    <ele>14.7</ele>
    <time>2026-01-22T23:07:12Z</time>
   </trkpt>
   <trkpt lat="-8.0520020" lon="-34.9513100">
    <ele>14.7</ele>
    <time>2026-01-22T23:07:13Z</time>
   </trkpt>
   <trkpt lat="-8.0520020" lon="-34.9513240">
    <ele>14.7</ele>
    <time>2026-01-22T23:07:14Z</time>
   </trkpt>
   <trkpt lat="-8.0520030" lon="-34.9513550">
    <ele>14.7</ele>
    <time>2026-01-22T23:07:15Z</time>
   </trkpt>
   <trkpt lat="-8.0520020" lon="-34.9513660">
    <ele>14.7</ele>
    <time>2026-01-22T23:07:16Z</time>
   </trkpt>
   <trkpt lat="-8.0519990" lon="-34.9514000">
    <ele>14.7</ele>
    <time>2026-01-22T23:07:17Z</time>
   </trkpt>
   <trkpt lat="-8.0519980" lon="-34.9514110">
    <ele>14.7</ele>
    <time>2026-01-22T23:07:18Z</time>
   </trkpt>
   <trkpt lat="-8.0519940" lon="-34.9514450">
    <ele>14.6</ele>
    <time>2026-01-22T23:07:19Z</time>
   </trkpt>
   <trkpt lat="-8.0519930" lon="-34.9514540">
    <ele>14.6</ele>
    <time>2026-01-22T23:07:20Z</time>
   </trkpt>
   <trkpt lat="-8.0519880" lon="-34.9514890">
    <ele>14.6</ele>
    <time>2026-01-22T23:07:21Z</time>
   </trkpt>
   <trkpt lat="-8.0519860" lon="-34.9514980">
    <ele>14.6</ele>
    <time>2026-01-22T23:07:22Z</time>
   </trkpt>
   <trkpt lat="-8.0519800" lon="-34.9515360">
    <ele>14.6</ele>
    <time>2026-01-22T23:07:23Z</time>
   </trkpt>
   <trkpt lat="-8.0519770" lon="-34.9515480">
    <ele>14.6</ele>
    <time>2026-01-22T23:07:24Z</time>
   </trkpt>
   <trkpt lat="-8.0519720" lon="-34.9515790">
    <ele>14.6</ele>
    <time>2026-01-22T23:07:25Z</time>
   </trkpt>
   <trkpt lat="-8.0519690" lon="-34.9515880">
    <ele>14.6</ele>
    <time>2026-01-22T23:07:26Z</time>
   </trkpt>
   <trkpt lat="-8.0519640" lon="-34.9516200">
    <ele>14.6</ele>
    <time>2026-01-22T23:07:27Z</time>
   </trkpt>
   <trkpt lat="-8.0519610" lon="-34.9516380">
    <ele>14.6</ele>
    <time>2026-01-22T23:07:28Z</time>
   </trkpt>
   <trkpt lat="-8.0519600" lon="-34.9516700">
    <ele>14.6</ele>
    <time>2026-01-22T23:07:29Z</time>
   </trkpt>
   <trkpt lat="-8.0519590" lon="-34.9516820">
    <ele>14.6</ele>
    <time>2026-01-22T23:07:30Z</time>
   </trkpt>
   <trkpt lat="-8.0519580" lon="-34.9517160">
    <ele>14.5</ele>
    <time>2026-01-22T23:07:31Z</time>
   </trkpt>
   <trkpt lat="-8.0519580" lon="-34.9517280">
    <ele>14.5</ele>
    <time>2026-01-22T23:07:32Z</time>
   </trkpt>
   <trkpt lat="-8.0519600" lon="-34.9517640">
    <ele>14.5</ele>
    <time>2026-01-22T23:07:33Z</time>
   </trkpt>
   <trkpt lat="-8.0519600" lon="-34.9517770">
    <ele>14.5</ele>
    <time>2026-01-22T23:07:34Z</time>
   </trkpt>
   <trkpt lat="-8.0519650" lon="-34.9518110">
    <ele>14.5</ele>
    <time>2026-01-22T23:07:35Z</time>
   </trkpt>
   <trkpt lat="-8.0519670" lon="-34.9518230">
    <ele>14.5</ele>
    <time>2026-01-22T23:07:36Z</time>
   </trkpt>
   <trkpt lat="-8.0519710" lon="-34.9518610">
    <ele>14.5</ele>
    <time>2026-01-22T23:07:37Z</time>
   </trkpt>
   <trkpt lat="-8.0519700" lon="-34.9518720">
    <ele>14.5</ele>
    <time>2026-01-22T23:07:38Z</time>
   </trkpt>
   <trkpt lat="-8.0519690" lon="-34.9519010">
    <ele>14.5</ele>
    <time>2026-01-22T23:07:39Z</time>
   </trkpt>
   <trkpt lat="-8.0519680" lon="-34.9519410">
    <ele>14.4</ele>
    <time>2026-01-22T23:07:40Z</time>
   </trkpt>
   <trkpt lat="-8.0519680" lon="-34.9519560">
    <ele>14.4</ele>
    <time>2026-01-22T23:07:41Z</time>
   </trkpt>
   <trkpt lat="-8.0519680" lon="-34.9519930">
    <ele>14.4</ele>
    <time>2026-01-22T23:07:42Z</time>
   </trkpt>
   <trkpt lat="-8.0519670" lon="-34.9520060">
    <ele>14.4</ele>
    <time>2026-01-22T23:07:43Z</time>
   </trkpt>
   <trkpt lat="-8.0519630" lon="-34.9520430">
    <ele>14.4</ele>
    <time>2026-01-22T23:07:44Z</time>
   </trkpt>
   <trkpt lat="-8.0519620" lon="-34.9520550">
    <ele>14.4</ele>
    <time>2026-01-22T23:07:45Z</time>
   </trkpt>
   <trkpt lat="-8.0519550" lon="-34.9520940">
    <ele>14.4</ele>
    <time>2026-01-22T23:07:46Z</time>
   </trkpt>
   <trkpt lat="-8.0519520" lon="-34.9521070">
    <ele>14.4</ele>
    <time>2026-01-22T23:07:47Z</time>
   </trkpt>
   <trkpt lat="-8.0519430" lon="-34.9521430">
    <ele>14.4</ele>
    <time>2026-01-22T23:07:48Z</time>
   </trkpt>
   <trkpt lat="-8.0519390" lon="-34.9521550">
    <ele>14.4</ele>
    <time>2026-01-22T23:07:49Z</time>
   </trkpt>
   <trkpt lat="-8.0519310" lon="-34.9521940">
    <ele>14.4</ele>
    <time>2026-01-22T23:07:50Z</time>
   </trkpt>
   <trkpt lat="-8.0519280" lon="-34.9522060">
    <ele>14.4</ele>
    <time>2026-01-22T23:07:51Z</time>
   </trkpt>
   <trkpt lat="-8.0519190" lon="-34.9522450">
    <ele>14.5</ele>
    <time>2026-01-22T23:07:52Z</time>
   </trkpt>
   <trkpt lat="-8.0519150" lon="-34.9522600">
    <ele>14.5</ele>
    <time>2026-01-22T23:07:53Z</time>
   </trkpt>
   <trkpt lat="-8.0519130" lon="-34.9522890">
    <ele>14.5</ele>
    <time>2026-01-22T23:07:54Z</time>
   </trkpt>
   <trkpt lat="-8.0519120" lon="-34.9523000">
    <ele>14.5</ele>
    <time>2026-01-22T23:07:55Z</time>
   </trkpt>
   <trkpt lat="-8.0519100" lon="-34.9523290">
    <ele>14.5</ele>
    <time>2026-01-22T23:07:56Z</time>
   </trkpt>
   <trkpt lat="-8.0519090" lon="-34.9523400">
    <ele>14.5</ele>
    <time>2026-01-22T23:07:57Z</time>
   </trkpt>
   <trkpt lat="-8.0519090" lon="-34.9523690">
    <ele>14.5</ele>
    <time>2026-01-22T23:07:58Z</time>
   </trkpt>
   <trkpt lat="-8.0519080" lon="-34.9523790">
    <ele>14.5</ele>
    <time>2026-01-22T23:07:59Z</time>
   </trkpt>
   <trkpt lat="-8.0519070" lon="-34.9524080">
    <ele>14.5</ele>
    <time>2026-01-22T23:08:00Z</time>
   </trkpt>
   <trkpt lat="-8.0519060" lon="-34.9524180">
    <ele>14.5</ele>
    <time>2026-01-22T23:08:01Z</time>
   </trkpt>
   <trkpt lat="-8.0519030" lon="-34.9524510">
    <ele>14.5</ele>
    <time>2026-01-22T23:08:02Z</time>
   </trkpt>
   <trkpt lat="-8.0519010" lon="-34.9524620">
    <ele>14.5</ele>
    <time>2026-01-22T23:08:03Z</time>
   </trkpt>
   <trkpt lat="-8.0518960" lon="-34.9524940">
    <ele>14.5</ele>
    <time>2026-01-22T23:08:04Z</time>
   </trkpt>
   <trkpt lat="-8.0518940" lon="-34.9525030">
    <ele>14.5</ele>
    <time>2026-01-22T23:08:05Z</time>
   </trkpt>
   <trkpt lat="-8.0518910" lon="-34.9525330">
    <ele>14.6</ele>
    <time>2026-01-22T23:08:06Z</time>
   </trkpt>
   <trkpt lat="-8.0518900" lon="-34.9525410">
    <ele>14.6</ele>
    <time>2026-01-22T23:08:07Z</time>
   </trkpt>
   <trkpt lat="-8.0518910" lon="-34.9525700">
    <ele>14.6</ele>
    <time>2026-01-22T23:08:08Z</time>
   </trkpt>
   <trkpt lat="-8.0518900" lon="-34.9525810">
    <ele>14.6</ele>
    <time>2026-01-22T23:08:09Z</time>
   </trkpt>
   <trkpt lat="-8.0518840" lon="-34.9526120">
    <ele>14.6</ele>
    <time>2026-01-22T23:08:10Z</time>
   </trkpt>
   <trkpt lat="-8.0518820" lon="-34.9526210">
    <ele>14.6</ele>
    <time>2026-01-22T23:08:11Z</time>
   </trkpt>
   <trkpt lat="-8.0518790" lon="-34.9526520">
    <ele>14.6</ele>
    <time>2026-01-22T23:08:12Z</time>
   </trkpt>
   <trkpt lat="-8.0518770" lon="-34.9526640">
    <ele>14.6</ele>
    <time>2026-01-22T23:08:13Z</time>
   </trkpt>
   <trkpt lat="-8.0518750" lon="-34.9526800">
    <ele>14.7</ele>
    <time>2026-01-22T23:08:14Z</time>
   </trkpt>
   <trkpt lat="-8.0518740" lon="-34.9526990">
    <ele>14.7</ele>
    <time>2026-01-22T23:08:15Z</time>
   </trkpt>
   <trkpt lat="-8.0518700" lon="-34.9527270">
    <ele>14.7</ele>
    <time>2026-01-22T23:08:16Z</time>
   </trkpt>
   <trkpt lat="-8.0518690" lon="-34.9527360">
    <ele>14.7</ele>
    <time>2026-01-22T23:08:17Z</time>
   </trkpt>
   <trkpt lat="-8.0518660" lon="-34.9527720">
    <ele>14.7</ele>
    <time>2026-01-22T23:08:18Z</time>
   </trkpt>
   <trkpt lat="-8.0518640" lon="-34.9527890">
    <ele>14.7</ele>
    <time>2026-01-22T23:08:19Z</time>
   </trkpt>
   <trkpt lat="-8.0518640" lon="-34.9528020">
    <ele>14.7</ele>
    <time>2026-01-22T23:08:20Z</time>
   </trkpt>
   <trkpt lat="-8.0518610" lon="-34.9528210">
    <ele>14.8</ele>
    <time>2026-01-22T23:08:21Z</time>
   </trkpt>
   <trkpt lat="-8.0518590" lon="-34.9528500">
    <ele>14.8</ele>
    <time>2026-01-22T23:08:22Z</time>
   </trkpt>
   <trkpt lat="-8.0518580" lon="-34.9528580">
    <ele>14.8</ele>
    <time>2026-01-22T23:08:23Z</time>
   </trkpt>
   <trkpt lat="-8.0518540" lon="-34.9528890">
    <ele>14.8</ele>
    <time>2026-01-22T23:08:24Z</time>
   </trkpt>
   <trkpt lat="-8.0518520" lon="-34.9529000">
    <ele>14.8</ele>
    <time>2026-01-22T23:08:25Z</time>
   </trkpt>
   <trkpt lat="-8.0518450" lon="-34.9529350">
    <ele>14.8</ele>
    <time>2026-01-22T23:08:26Z</time>
   </trkpt>
   <trkpt lat="-8.0518410" lon="-34.9529450">
    <ele>14.8</ele>
    <time>2026-01-22T23:08:27Z</time>
   </trkpt>
   <trkpt lat="-8.0518280" lon="-34.9529720">
    <ele>14.9</ele>
    <time>2026-01-22T23:08:28Z</time>
   </trkpt>
   <trkpt lat="-8.0518240" lon="-34.9529810">
    <ele>14.9</ele>
    <time>2026-01-22T23:08:29Z</time>
   </trkpt>
   <trkpt lat="-8.0518090" lon="-34.9530090">
    <ele>14.9</ele>
    <time>2026-01-22T23:08:30Z</time>
   </trkpt>
   <trkpt lat="-8.0518050" lon="-34.9530170">
    <ele>14.9</ele>
    <time>2026-01-22T23:08:31Z</time>
   </trkpt>
   <trkpt lat="-8.0517960" lon="-34.9530500">
    <ele>14.9</ele>
    <time>2026-01-22T23:08:32Z</time>
   </trkpt>
   <trkpt lat="-8.0517940" lon="-34.9530610">
    <ele>14.9</ele>
    <time>2026-01-22T23:08:33Z</time>
   </trkpt>
   <trkpt lat="-8.0517900" lon="-34.9530930">
    <ele>15.0</ele>
    <time>2026-01-22T23:08:34Z</time>
   </trkpt>
   <trkpt lat="-8.0517880" lon="-34.9531040">
    <ele>15.0</ele>
    <time>2026-01-22T23:08:35Z</time>
   </trkpt>
   <trkpt lat="-8.0517840" lon="-34.9531340">
    <ele>15.0</ele>
    <time>2026-01-22T23:08:36Z</time>
   </trkpt>
   <trkpt lat="-8.0517810" lon="-34.9531440">
    <ele>15.0</ele>
    <time>2026-01-22T23:08:37Z</time>
   </trkpt>
   <trkpt lat="-8.0517600" lon="-34.9531730">
    <ele>15.0</ele>
    <time>2026-01-22T23:08:38Z</time>
   </trkpt>
   <trkpt lat="-8.0517500" lon="-34.9531820">
    <ele>15.0</ele>
    <time>2026-01-22T23:08:39Z</time>
   </trkpt>
   <trkpt lat="-8.0517190" lon="-34.9531910">
    <ele>15.0</ele>
    <time>2026-01-22T23:08:40Z</time>
   </trkpt>
   <trkpt lat="-8.0517080" lon="-34.9531910">
    <ele>15.0</ele>
    <time>2026-01-22T23:08:41Z</time>
   </trkpt>
   <trkpt lat="-8.0516890" lon="-34.9531950">
    <ele>15.0</ele>
    <time>2026-01-22T23:08:42Z</time>
   </trkpt>
   <trkpt lat="-8.0516730" lon="-34.9532000">
    <ele>15.0</ele>
    <time>2026-01-22T23:08:43Z</time>
   </trkpt>
   <trkpt lat="-8.0516550" lon="-34.9532070">
    <ele>15.0</ele>
    <time>2026-01-22T23:08:44Z</time>
   </trkpt>
   <trkpt lat="-8.0516400" lon="-34.9532130">
    <ele>15.0</ele>
    <time>2026-01-22T23:08:45Z</time>
   </trkpt>
   <trkpt lat="-8.0516120" lon="-34.9532190">
    <ele>15.0</ele>
    <time>2026-01-22T23:08:46Z</time>
   </trkpt>
   <trkpt lat="-8.0516030" lon="-34.9532200">
    <ele>15.0</ele>
    <time>2026-01-22T23:08:47Z</time>
   </trkpt>
   <trkpt lat="-8.0515690" lon="-34.9532230">
    <ele>14.9</ele>
    <time>2026-01-22T23:08:48Z</time>
   </trkpt>
   <trkpt lat="-8.0515590" lon="-34.9532230">
    <ele>14.9</ele>
    <time>2026-01-22T23:08:49Z</time>
   </trkpt>
   <trkpt lat="-8.0515290" lon="-34.9532170">
    <ele>14.9</ele>
    <time>2026-01-22T23:08:50Z</time>
   </trkpt>
   <trkpt lat="-8.0515190" lon="-34.9532150">
    <ele>14.9</ele>
    <time>2026-01-22T23:08:51Z</time>
   </trkpt>
   <trkpt lat="-8.0514930" lon="-34.9532130">
    <ele>14.9</ele>
    <time>2026-01-22T23:08:52Z</time>
   </trkpt>
   <trkpt lat="-8.0514820" lon="-34.9532130">
    <ele>14.9</ele>
    <time>2026-01-22T23:08:53Z</time>
   </trkpt>
   <trkpt lat="-8.0514650" lon="-34.9532130">
    <ele>14.9</ele>
    <time>2026-01-22T23:08:54Z</time>
   </trkpt>
   <trkpt lat="-8.0514480" lon="-34.9532120">
    <ele>14.9</ele>
    <time>2026-01-22T23:08:55Z</time>
   </trkpt>
   <trkpt lat="-8.0514170" lon="-34.9532070">
    <ele>14.9</ele>
    <time>2026-01-22T23:08:56Z</time>
   </trkpt>
   <trkpt lat="-8.0514080" lon="-34.9532060">
    <ele>14.9</ele>
    <time>2026-01-22T23:08:57Z</time>
   </trkpt>
   <trkpt lat="-8.0513770" lon="-34.9532020">
    <ele>14.9</ele>
    <time>2026-01-22T23:08:58Z</time>
   </trkpt>
   <trkpt lat="-8.0513650" lon="-34.9532000">
    <ele>14.9</ele>
    <time>2026-01-22T23:08:59Z</time>
   </trkpt>
   <trkpt lat="-8.0513370" lon="-34.9531950">
    <ele>14.9</ele>
    <time>2026-01-22T23:09:00Z</time>
   </trkpt>
   <trkpt lat="-8.0513260" lon="-34.9531940">
    <ele>14.9</ele>
    <time>2026-01-22T23:09:01Z</time>
   </trkpt>
   <trkpt lat="-8.0512940" lon="-34.9531890">
    <ele>14.9</ele>
    <time>2026-01-22T23:09:02Z</time>
   </trkpt>
   <trkpt lat="-8.0512830" lon="-34.9531880">
    <ele>14.9</ele>
    <time>2026-01-22T23:09:03Z</time>
   </trkpt>
   <trkpt lat="-8.0512540" lon="-34.9531840">
    <ele>14.9</ele>
    <time>2026-01-22T23:09:04Z</time>
   </trkpt>
   <trkpt lat="-8.0512440" lon="-34.9531840">
    <ele>14.9</ele>
    <time>2026-01-22T23:09:05Z</time>
   </trkpt>
   <trkpt lat="-8.0512140" lon="-34.9531800">
    <ele>14.9</ele>
    <time>2026-01-22T23:09:06Z</time>
   </trkpt>
   <trkpt lat="-8.0512040" lon="-34.9531790">
    <ele>14.9</ele>
    <time>2026-01-22T23:09:07Z</time>
   </trkpt>
   <trkpt lat="-8.0511770" lon="-34.9531650">
    <ele>14.9</ele>
    <time>2026-01-22T23:09:08Z</time>
   </trkpt>
   <trkpt lat="-8.0511690" lon="-34.9531580">
    <ele>14.9</ele>
    <time>2026-01-22T23:09:09Z</time>
   </trkpt>
   <trkpt lat="-8.0511560" lon="-34.9531310">
    <ele>14.9</ele>
    <time>2026-01-22T23:09:10Z</time>
   </trkpt>
   <trkpt lat="-8.0511440" lon="-34.9530990">
    <ele>14.9</ele>
    <time>2026-01-22T23:09:11Z</time>
   </trkpt>
   <trkpt lat="-8.0511400" lon="-34.9530880">
    <ele>14.9</ele>
    <time>2026-01-22T23:09:12Z</time>
   </trkpt>
   <trkpt lat="-8.0511290" lon="-34.9530550">
    <ele>14.9</ele>
    <time>2026-01-22T23:09:13Z</time>
   </trkpt>
   <trkpt lat="-8.0511260" lon="-34.9530440">
    <ele>14.9</ele>
    <time>2026-01-22T23:09:14Z</time>
   </trkpt>
   <trkpt lat="-8.0511190" lon="-34.9530120">
    <ele>14.8</ele>
    <time>2026-01-22T23:09:15Z</time>
   </trkpt>
   <trkpt lat="-8.0511160" lon="-34.9530030">
    <ele>14.8</ele>
    <time>2026-01-22T23:09:16Z</time>
   </trkpt>
   <trkpt lat="-8.0511130" lon="-34.9529720">
    <ele>14.8</ele>
    <time>2026-01-22T23:09:17Z</time>
   </trkpt>
   <trkpt lat="-8.0511130" lon="-34.9529610">
    <ele>14.8</ele>
    <time>2026-01-22T23:09:18Z</time>
   </trkpt>
   <trkpt lat="-8.0511160" lon="-34.9529310">
    <ele>14.8</ele>
    <time>2026-01-22T23:09:19Z</time>
   </trkpt>
   <trkpt lat="-8.0511160" lon="-34.9529200">
    <ele>14.8</ele>
    <time>2026-01-22T23:09:20Z</time>
   </trkpt>
   <trkpt lat="-8.0511170" lon="-34.9528860">
    <ele>14.8</ele>
    <time>2026-01-22T23:09:21Z</time>
   </trkpt>
   <trkpt lat="-8.0511170" lon="-34.9528730">
    <ele>14.8</ele>
    <time>2026-01-22T23:09:22Z</time>
   </trkpt>
   <trkpt lat="-8.0511230" lon="-34.9528320">
    <ele>14.7</ele>
    <time>2026-01-22T23:09:23Z</time>
   </trkpt>
   <trkpt lat="-8.0511260" lon="-34.9528180">
    <ele>14.7</ele>
    <time>2026-01-22T23:09:24Z</time>
   </trkpt>
   <trkpt lat="-8.0511350" lon="-34.9527850">
    <ele>14.7</ele>
    <time>2026-01-22T23:09:25Z</time>
   </trkpt>
   <trkpt lat="-8.0511380" lon="-34.9527730">
    <ele>14.7</ele>
    <time>2026-01-22T23:09:26Z</time>
   </trkpt>
   <trkpt lat="-8.0511460" lon="-34.9527350">
    <ele>14.7</ele>
    <time>2026-01-22T23:09:27Z</time>
   </trkpt>
   <trkpt lat="-8.0511490" lon="-34.9527220">
    <ele>14.7</ele>
    <time>2026-01-22T23:09:28Z</time>
   </trkpt>
   <trkpt lat="-8.0511600" lon="-34.9526860">
    <ele>14.7</ele>
    <time>2026-01-22T23:09:29Z</time>
   </trkpt>
   <trkpt lat="-8.0511640" lon="-34.9526740">
    <ele>14.7</ele>
    <time>2026-01-22T23:09:30Z</time>
   </trkpt>
   <trkpt lat="-8.0511750" lon="-34.9526380">
    <ele>14.7</ele>
    <time>2026-01-22T23:09:31Z</time>
   </trkpt>
   <trkpt lat="-8.0511780" lon="-34.9526250">
    <ele>14.7</ele>
    <time>2026-01-22T23:09:32Z</time>
   </trkpt>
   <trkpt lat="-8.0511870" lon="-34.9525920">
    <ele>14.6</ele>
    <time>2026-01-22T23:09:33Z</time>
   </trkpt>
   <trkpt lat="-8.0511890" lon="-34.9525810">
    <ele>14.6</ele>
    <time>2026-01-22T23:09:34Z</time>
   </trkpt>
   <trkpt lat="-8.0511960" lon="-34.9525480">
    <ele>14.6</ele>
    <time>2026-01-22T23:09:35Z</time>
   </trkpt>
   <trkpt lat="-8.0511970" lon="-34.9525380">
    <ele>14.6</ele>
    <time>2026-01-22T23:09:36Z</time>
   </trkpt>
   <trkpt lat="-8.0511990" lon="-34.9525080">
    <ele>14.6</ele>
    <time>2026-01-22T23:09:37Z</time>
   </trkpt>
   <trkpt lat="-8.0511990" lon="-34.9524990">
    <ele>14.6</ele>
    <time>2026-01-22T23:09:38Z</time>
   </trkpt>
   <trkpt lat="-8.0512040" lon="-34.9524670">
    <ele>14.6</ele>
    <time>2026-01-22T23:09:39Z</time>
   </trkpt>
   <trkpt lat="-8.0512070" lon="-34.9524570">
    <ele>14.6</ele>
    <time>2026-01-22T23:09:40Z</time>
   </trkpt>
   <trkpt lat="-8.0512170" lon="-34.9524220">
    <ele>14.6</ele>
    <time>2026-01-22T23:09:41Z</time>
   </trkpt>
   <trkpt lat="-8.0512200" lon="-34.9524120">
    <ele>14.6</ele>
    <time>2026-01-22T23:09:42Z</time>
   </trkpt>
   <trkpt lat="-8.0512300" lon="-34.9523800">
    <ele>14.6</ele>
    <time>2026-01-22T23:09:43Z</time>
   </trkpt>
   <trkpt lat="-8.0512320" lon="-34.9523700">
    <ele>14.6</ele>
    <time>2026-01-22T23:09:44Z</time>
   </trkpt>
   <trkpt lat="-8.0512380" lon="-34.9523350">
    <ele>14.6</ele>
    <time>2026-01-22T23:09:45Z</time>
   </trkpt>
   <trkpt lat="-8.0512390" lon="-34.9523240">
    <ele>14.6</ele>
    <time>2026-01-22T23:09:46Z</time>
   </trkpt>
   <trkpt lat="-8.0512400" lon="-34.9522920">
    <ele>14.5</ele>
    <time>2026-01-22T23:09:47Z</time>
   </trkpt>
   <trkpt lat="-8.0512400" lon="-34.9522810">
    <ele>14.5</ele>
    <time>2026-01-22T23:09:48Z</time>
   </trkpt>
   <trkpt lat="-8.0512380" lon="-34.9522490">
    <ele>14.5</ele>
    <time>2026-01-22T23:09:49Z</time>
   </trkpt>
   <trkpt lat="-8.0512370" lon="-34.9522370">
    <ele>14.5</ele>
    <time>2026-01-22T23:09:50Z</time>
   </trkpt>
   <trkpt lat="-8.0512350" lon="-34.9522020">
    <ele>14.5</ele>
    <time>2026-01-22T23:09:51Z</time>
   </trkpt>
   <trkpt lat="-8.0512350" lon="-34.9521910">
    <ele>14.5</ele>
    <time>2026-01-22T23:09:52Z</time>
   </trkpt>
   <trkpt lat="-8.0512380" lon="-34.9521620">
    <ele>14.5</ele>
    <time>2026-01-22T23:09:53Z</time>
   </trkpt>
   <trkpt lat="-8.0512390" lon="-34.9521530">
    <ele>14.5</ele>
    <time>2026-01-22T23:09:54Z</time>
   </trkpt>
   <trkpt lat="-8.0512420" lon="-34.9521240">
    <ele>14.5</ele>
    <time>2026-01-22T23:09:55Z</time>
   </trkpt>
   <trkpt lat="-8.0512430" lon="-34.9521140">
    <ele>14.5</ele>
    <time>2026-01-22T23:09:56Z</time>
   </trkpt>
   <trkpt lat="-8.0512470" lon="-34.9520800">
    <ele>14.5</ele>
    <time>2026-01-22T23:09:57Z</time>
   </trkpt>
   <trkpt lat="-8.0512500" lon="-34.9520690">
    <ele>14.5</ele>
    <time>2026-01-22T23:09:58Z</time>
   </trkpt>
   <trkpt lat="-8.0512570" lon="-34.9520410">
    <ele>14.5</ele>
    <time>2026-01-22T23:09:59Z</time>
   </trkpt>
   <trkpt lat="-8.0512590" lon="-34.9520310">
    <ele>14.5</ele>
    <time>2026-01-22T23:10:00Z</time>
   </trkpt>
   <trkpt lat="-8.0512710" lon="-34.9520000">
    <ele>14.5</ele>
    <time>2026-01-22T23:10:01Z</time>
   </trkpt>
   <trkpt lat="-8.0512750" lon="-34.9519910">
    <ele>14.5</ele>
    <time>2026-01-22T23:10:02Z</time>
   </trkpt>
   <trkpt lat="-8.0512860" lon="-34.9519610">
    <ele>14.5</ele>
    <time>2026-01-22T23:10:03Z</time>
   </trkpt>
   <trkpt lat="-8.0512880" lon="-34.9519510">
    <ele>14.5</ele>
    <time>2026-01-22T23:10:04Z</time>
   </trkpt>
   <trkpt lat="-8.0512980" lon="-34.9519200">
    <ele>14.5</ele>
    <time>2026-01-22T23:10:05Z</time>
   </trkpt>
   <trkpt lat="-8.0513010" lon="-34.9519090">
    <ele>14.5</ele>
    <time>2026-01-22T23:10:06Z</time>
   </trkpt>
   <trkpt lat="-8.0513120" lon="-34.9518730">
    <ele>14.6</ele>
    <time>2026-01-22T23:10:07Z</time>
   </trkpt>
   <trkpt lat="-8.0513140" lon="-34.9518600">
    <ele>14.6</ele>
    <time>2026-01-22T23:10:08Z</time>
   </trkpt>
   <trkpt lat="-8.0513160" lon="-34.9518270">
    <ele>14.6</ele>
    <time>2026-01-22T23:10:09Z</time>
   </trkpt>
   <trkpt lat="-8.0513170" lon="-34.9518150">
    <ele>14.6</ele>
    <time>2026-01-22T23:10:10Z</time>
   </trkpt>
   <trkpt lat="-8.0513180" lon="-34.9517860">
    <ele>14.6</ele>
    <time>2026-01-22T23:10:11Z</time>
   </trkpt>
   <trkpt lat="-8.0513180" lon="-34.9517750">
    <ele>14.6</ele>
    <time>2026-01-22T23:10:12Z</time>
   </trkpt>
   <trkpt lat="-8.0513190" lon="-34.9517470">
    <ele>14.6</ele>
    <time>2026-01-22T23:10:13Z</time>
   </trkpt>
   <trkpt lat="-8.0513190" lon="-34.9517360">
    <ele>14.6</ele>
    <time>2026-01-22T23:10:14Z</time>
   </trkpt>
   <trkpt lat="-8.0513250" lon="-34.9517060">
    <ele>14.6</ele>
    <time>2026-01-22T23:10:15Z</time>
   </trkpt>
   <trkpt lat="-8.0513270" lon="-34.9516940">
    <ele>14.6</ele>
    <time>2026-01-22T23:10:16Z</time>
   </trkpt>
   <trkpt lat="-8.0513340" lon="-34.9516660">
    <ele>14.6</ele>
    <time>2026-01-22T23:10:17Z</time>
   </trkpt>
   <trkpt lat="-8.0513360" lon="-34.9516560">
    <ele>14.6</ele>
    <time>2026-01-22T23:10:18Z</time>
   </trkpt>
   <trkpt lat="-8.0513450" lon="-34.9516270">
    <ele>14.7</ele>
    <time>2026-01-22T23:10:19Z</time>
   </trkpt>
   <trkpt lat="-8.0513480" lon="-34.9516160">
    <ele>14.7</ele>
    <time>2026-01-22T23:10:20Z</time>
   </trkpt>
   <trkpt lat="-8.0513540" lon="-34.9515860">
    <ele>14.7</ele>
    <time>2026-01-22T23:10:21Z</time>
   </trkpt>
   <trkpt lat="-8.0513550" lon="-34.9515770">
    <ele>14.7</ele>
    <time>2026-01-22T23:10:22Z</time>
   </trkpt>
   <trkpt lat="-8.0513570" lon="-34.9515450">
    <ele>14.7</ele>
    <time>2026-01-22T23:10:23Z</time>
   </trkpt>
   <trkpt lat="-8.0513570" lon="-34.9515350">
    <ele>14.7</ele>
    <time>2026-01-22T23:10:24Z</time>
   </trkpt>
   <trkpt lat="-8.0513590" lon="-34.9515030">
    <ele>14.7</ele>
    <time>2026-01-22T23:10:25Z</time>
   </trkpt>
   <trkpt lat="-8.0513590" lon="-34.9514930">
    <ele>14.7</ele>
    <time>2026-01-22T23:10:26Z</time>
   </trkpt>
   <trkpt lat="-8.0513650" lon="-34.9514600">
    <ele>14.7</ele>
    <time>2026-01-22T23:10:27Z</time>
   </trkpt>
   <trkpt lat="-8.0513670" lon="-34.9514490">
    <ele>14.7</ele>
    <time>2026-01-22T23:10:28Z</time>
   </trkpt>
   <trkpt lat="-8.0513720" lon="-34.9514140">
    <ele>14.7</ele>
    <time>2026-01-22T23:10:29Z</time>
   </trkpt>
   <trkpt lat="-8.0513720" lon="-34.9514040">
    <ele>14.7</ele>
    <time>2026-01-22T23:10:30Z</time>
   </trkpt>
   <trkpt lat="-8.0513720" lon="-34.9513560">
    <ele>14.7</ele>
    <time>2026-01-22T23:10:32Z</time>
   </trkpt>
   <trkpt lat="-8.0513720" lon="-34.9513210">
    <ele>14.7</ele>
    <time>2026-01-22T23:10:33Z</time>
   </trkpt>
   <trkpt lat="-8.0513720" lon="-34.9513090">
    <ele>14.7</ele>
    <time>2026-01-22T23:10:34Z</time>
   </trkpt>
   <trkpt lat="-8.0513720" lon="-34.9512740">
    <ele>14.8</ele>
    <time>2026-01-22T23:10:35Z</time>
   </trkpt>
   <trkpt lat="-8.0513720" lon="-34.9512620">
    <ele>14.8</ele>
    <time>2026-01-22T23:10:36Z</time>
   </trkpt>
   <trkpt lat="-8.0513720" lon="-34.9512330">
    <ele>14.8</ele>
    <time>2026-01-22T23:10:37Z</time>
   </trkpt>
   <trkpt lat="-8.0513720" lon="-34.9512220">
    <ele>14.8</ele>
    <time>2026-01-22T23:10:38Z</time>
   </trkpt>
   <trkpt lat="-8.0513760" lon="-34.9511890">
    <ele>14.8</ele>
    <time>2026-01-22T23:10:39Z</time>
   </trkpt>
   <trkpt lat="-8.0513770" lon="-34.9511780">
    <ele>14.8</ele>
    <time>2026-01-22T23:10:40Z</time>
   </trkpt>
   <trkpt lat="-8.0513730" lon="-34.9511510">
    <ele>14.8</ele>
    <time>2026-01-22T23:10:41Z</time>
   </trkpt>
   <trkpt lat="-8.0513700" lon="-34.9511130">
    <ele>14.8</ele>
    <time>2026-01-22T23:10:42Z</time>
   </trkpt>
   <trkpt lat="-8.0513700" lon="-34.9511010">
    <ele>14.8</ele>
    <time>2026-01-22T23:10:43Z</time>
   </trkpt>
   <trkpt lat="-8.0513710" lon="-34.9510650">
    <ele>14.8</ele>
    <time>2026-01-22T23:10:44Z</time>
   </trkpt>
   <trkpt lat="-8.0513720" lon="-34.9510530">
    <ele>14.8</ele>
    <time>2026-01-22T23:10:45Z</time>
   </trkpt>
   <trkpt lat="-8.0513780" lon="-34.9510160">
    <ele>14.8</ele>
    <time>2026-01-22T23:10:46Z</time>
   </trkpt>
   <trkpt lat="-8.0513810" lon="-34.9510030">
    <ele>14.8</ele>
    <time>2026-01-22T23:10:47Z</time>
   </trkpt>
   <trkpt lat="-8.0513890" lon="-34.9509710">
    <ele>14.8</ele>
    <time>2026-01-22T23:10:48Z</time>
   </trkpt>
   <trkpt lat="-8.0513920" lon="-34.9509600">
    <ele>14.8</ele>
    <time>2026-01-22T23:10:49Z</time>
   </trkpt>
   <trkpt lat="-8.0514030" lon="-34.9509280">
    <ele>14.8</ele>
    <time>2026-01-22T23:10:50Z</time>
   </trkpt>
   <trkpt lat="-8.0514070" lon="-34.9509160">
    <ele>14.8</ele>
    <time>2026-01-22T23:10:51Z</time>
   </trkpt>
   <trkpt lat="-8.0514190" lon="-34.9508840">
    <ele>14.8</ele>
    <time>2026-01-22T23:10:52Z</time>
   </trkpt>
   <trkpt lat="-8.0514220" lon="-34.9508730">
    <ele>14.8</ele>
    <time>2026-01-22T23:10:53Z</time>
   </trkpt>
   <trkpt lat="-8.0514290" lon="-34.9508590">
    <ele>14.8</ele>
    <time>2026-01-22T23:10:54Z</time>
   </trkpt>
   <trkpt lat="-8.0514340" lon="-34.9508400">
    <ele>14.8</ele>
    <time>2026-01-22T23:10:55Z</time>
   </trkpt>
   <trkpt lat="-8.0514380" lon="-34.9508100">
    <ele>14.8</ele>
    <time>2026-01-22T23:10:56Z</time>
   </trkpt>
   <trkpt lat="-8.0514390" lon="-34.9507980">
    <ele>14.8</ele>
    <time>2026-01-22T23:10:57Z</time>
   </trkpt>
   <trkpt lat="-8.0514380" lon="-34.9507640">
    <ele>14.9</ele>
    <time>2026-01-22T23:10:58Z</time>
   </trkpt>
   <trkpt lat="-8.0514380" lon="-34.9507520">
    <ele>14.9</ele>
    <time>2026-01-22T23:10:59Z</time>
   </trkpt>
   <trkpt lat="-8.0514460" lon="-34.9507160">
    <ele>14.9</ele>
    <time>2026-01-22T23:11:00Z</time>
   </trkpt>
   <trkpt lat="-8.0514490" lon="-34.9507040">
    <ele>14.9</ele>
    <time>2026-01-22T23:11:01Z</time>
   </trkpt>
   <trkpt lat="-8.0514540" lon="-34.9506690">
    <ele>14.9</ele>
    <time>2026-01-22T23:11:02Z</time>
   </trkpt>
   <trkpt lat="-8.0514550" lon="-34.9506540">
    <ele>14.9</ele>
    <time>2026-01-22T23:11:03Z</time>
   </trkpt>
   <trkpt lat="-8.0514650" lon="-34.9506210">
    <ele>14.9</ele>
    <time>2026-01-22T23:11:04Z</time>
   </trkpt>
   <trkpt lat="-8.0514680" lon="-34.9506100">
    <ele>14.9</ele>
    <time>2026-01-22T23:11:05Z</time>
   </trkpt>
   <trkpt lat="-8.0514820" lon="-34.9505800">
    <ele>14.9</ele>
    <time>2026-01-22T23:11:06Z</time>
   </trkpt>
   <trkpt lat="-8.0514860" lon="-34.9505690">
    <ele>14.9</ele>
    <time>2026-01-22T23:11:07Z</time>
   </trkpt>
   <trkpt lat="-8.0514970" lon="-34.9505340">
    <ele>14.9</ele>
    <time>2026-01-22T23:11:08Z</time>
   </trkpt>
   <trkpt lat="-8.0514990" lon="-34.9505220">
    <ele>14.9</ele>
    <time>2026-01-22T23:11:09Z</time>
   </trkpt>
   <trkpt lat="-8.0515070" lon="-34.9504880">
    <ele>14.9</ele>
    <time>2026-01-22T23:11:10Z</time>
   </trkpt>
   <trkpt lat="-8.0515090" lon="-34.9504780">
    <ele>14.9</ele>
    <time>2026-01-22T23:11:11Z</time>
   </trkpt>
   <trkpt lat="-8.0515170" lon="-34.9504490">
    <ele>14.9</ele>
    <time>2026-01-22T23:11:12Z</time>
   </trkpt>
   <trkpt lat="-8.0515190" lon="-34.9504390">
    <ele>14.9</ele>
    <time>2026-01-22T23:11:13Z</time>
   </trkpt>
   <trkpt lat="-8.0515250" lon="-34.9504230">
    <ele>14.9</ele>
    <time>2026-01-22T23:11:14Z</time>
   </trkpt>
   <trkpt lat="-8.0515300" lon="-34.9504100">
    <ele>14.9</ele>
    <time>2026-01-22T23:11:15Z</time>
   </trkpt>
   <trkpt lat="-8.0515300" lon="-34.9503960">
    <ele>14.9</ele>
    <time>2026-01-22T23:11:16Z</time>
   </trkpt>
   <trkpt lat="-8.0515270" lon="-34.9503820">
    <ele>14.9</ele>
    <time>2026-01-22T23:11:17Z</time>
   </trkpt>
   <trkpt lat="-8.0515240" lon="-34.9503690">
    <ele>14.9</ele>
    <time>2026-01-22T23:11:18Z</time>
   </trkpt>
   <trkpt lat="-8.0515200" lon="-34.9503560">
    <ele>14.9</ele>
    <time>2026-01-22T23:11:19Z</time>
   </trkpt>
   <trkpt lat="-8.0515160" lon="-34.9503410">
    <ele>14.9</ele>
    <time>2026-01-22T23:11:20Z</time>
   </trkpt>
   <trkpt lat="-8.0515120" lon="-34.9503270">
    <ele>14.9</ele>
    <time>2026-01-22T23:11:21Z</time>
   </trkpt>
   <trkpt lat="-8.0515090" lon="-34.9503150">
    <ele>14.9</ele>
    <time>2026-01-22T23:11:22Z</time>
   </trkpt>
   <trkpt lat="-8.0515090" lon="-34.9503040">
    <ele>14.9</ele>
    <time>2026-01-22T23:11:23Z</time>
   </trkpt>
   <trkpt lat="-8.0515060" lon="-34.9502940">
    <ele>14.9</ele>
    <time>2026-01-22T23:11:24Z</time>
   </trkpt>
   <trkpt lat="-8.0515030" lon="-34.9502850">
    <ele>14.9</ele>
    <time>2026-01-22T23:11:25Z</time>
   </trkpt>
   <trkpt lat="-8.0515000" lon="-34.9502750">
    <ele>14.9</ele>
    <time>2026-01-22T23:11:26Z</time>
   </trkpt>
   <trkpt lat="-8.0514970" lon="-34.9502650">
    <ele>14.9</ele>
    <time>2026-01-22T23:11:27Z</time>
   </trkpt>
   <trkpt lat="-8.0514960" lon="-34.9502540">
    <ele>14.9</ele>
    <time>2026-01-22T23:11:28Z</time>
   </trkpt>
   <trkpt lat="-8.0514950" lon="-34.9502420">
    <ele>14.9</ele>
    <time>2026-01-22T23:11:29Z</time>
   </trkpt>
   <trkpt lat="-8.0514910" lon="-34.9502170">
    <ele>14.9</ele>
    <time>2026-01-22T23:11:30Z</time>
   </trkpt>
   <trkpt lat="-8.0514900" lon="-34.9502050">
    <ele>14.9</ele>
    <time>2026-01-22T23:11:31Z</time>
   </trkpt>
   <trkpt lat="-8.0514940" lon="-34.9501930">
    <ele>14.9</ele>
    <time>2026-01-22T23:11:32Z</time>
   </trkpt>
   <trkpt lat="-8.0515050" lon="-34.9501740">
    <ele>14.9</ele>
    <time>2026-01-22T23:11:33Z</time>
   </trkpt>
   <trkpt lat="-8.0515100" lon="-34.9501680">
    <ele>14.9</ele>
    <time>2026-01-22T23:11:34Z</time>
   </trkpt>
   <trkpt lat="-8.0515140" lon="-34.9501610">
    <ele>14.9</ele>
    <time>2026-01-22T23:11:35Z</time>
   </trkpt>
   <trkpt lat="-8.0515200" lon="-34.9501450">
    <ele>14.9</ele>
    <time>2026-01-22T23:11:37Z</time>
   </trkpt>
   <trkpt lat="-8.0515230" lon="-34.9501350">
    <ele>14.9</ele>
    <time>2026-01-22T23:11:38Z</time>
   </trkpt>
   <trkpt lat="-8.0515220" lon="-34.9501260">
    <ele>14.9</ele>
    <time>2026-01-22T23:11:39Z</time>
   </trkpt>
   <trkpt lat="-8.0515210" lon="-34.9501140">
    <ele>14.9</ele>
    <time>2026-01-22T23:11:40Z</time>
   </trkpt>
   <trkpt lat="-8.0515220" lon="-34.9501030">
    <ele>14.9</ele>
    <time>2026-01-22T23:11:41Z</time>
   </trkpt>
   <trkpt lat="-8.0515230" lon="-34.9500920">
    <ele>14.9</ele>
    <time>2026-01-22T23:11:42Z</time>
   </trkpt>
   <trkpt lat="-8.0515280" lon="-34.9500810">
    <ele>14.9</ele>
    <time>2026-01-22T23:11:43Z</time>
   </trkpt>
   <trkpt lat="-8.0515320" lon="-34.9500700">
    <ele>14.9</ele>
    <time>2026-01-22T23:11:44Z</time>
   </trkpt>
   <trkpt lat="-8.0515370" lon="-34.9500590">
    <ele>14.9</ele>
    <time>2026-01-22T23:11:45Z</time>
   </trkpt>
   <trkpt lat="-8.0515400" lon="-34.9500480">
    <ele>14.9</ele>
    <time>2026-01-22T23:11:46Z</time>
   </trkpt>
   <trkpt lat="-8.0515420" lon="-34.9500360">
    <ele>14.9</ele>
    <time>2026-01-22T23:11:47Z</time>
   </trkpt>
   <trkpt lat="-8.0515440" lon="-34.9500250">
    <ele>15.0</ele>
    <time>2026-01-22T23:11:48Z</time>
   </trkpt>
   <trkpt lat="-8.0515460" lon="-34.9500140">
    <ele>15.0</ele>
    <time>2026-01-22T23:11:49Z</time>
   </trkpt>
   <trkpt lat="-8.0515470" lon="-34.9500030">
    <ele>15.0</ele>
    <time>2026-01-22T23:11:50Z</time>
   </trkpt>
   <trkpt lat="-8.0515480" lon="-34.9499940">
    <ele>15.0</ele>
    <time>2026-01-22T23:11:51Z</time>
   </trkpt>
   <trkpt lat="-8.0515500" lon="-34.9499840">
    <ele>15.0</ele>
    <time>2026-01-22T23:11:52Z</time>
   </trkpt>
   <trkpt lat="-8.0515530" lon="-34.9499740">
    <ele>15.0</ele>
    <time>2026-01-22T23:11:53Z</time>
   </trkpt>
   <trkpt lat="-8.0515560" lon="-34.9499620">
    <ele>15.0</ele>
    <time>2026-01-22T23:11:54Z</time>
   </trkpt>
   <trkpt lat="-8.0515640" lon="-34.9499310">
    <ele>15.0</ele>
    <time>2026-01-22T23:11:55Z</time>
   </trkpt>
   <trkpt lat="-8.0515650" lon="-34.9499250">
    <ele>15.0</ele>
    <time>2026-01-22T23:11:56Z</time>
   </trkpt>
   <trkpt lat="-8.0515670" lon="-34.9499030">
    <ele>15.0</ele>
    <time>2026-01-22T23:11:57Z</time>
   </trkpt>
   <trkpt lat="-8.0515690" lon="-34.9498950">
    <ele>15.0</ele>
    <time>2026-01-22T23:11:58Z</time>
   </trkpt>
   <trkpt lat="-8.0515700" lon="-34.9498860">
    <ele>15.0</ele>
    <time>2026-01-22T23:11:59Z</time>
   </trkpt>
   <trkpt lat="-8.0515750" lon="-34.9498660">
    <ele>15.0</ele>
    <time>2026-01-22T23:12:00Z</time>
   </trkpt>
   <trkpt lat="-8.0515770" lon="-34.9498570">
    <ele>15.0</ele>
    <time>2026-01-22T23:12:01Z</time>
   </trkpt>
   <trkpt lat="-8.0515780" lon="-34.9498490">
    <ele>15.0</ele>
    <time>2026-01-22T23:12:02Z</time>
   </trkpt>
   <trkpt lat="-8.0515770" lon="-34.9498370">
    <ele>15.0</ele>
    <time>2026-01-22T23:12:03Z</time>
   </trkpt>
   <trkpt lat="-8.0515760" lon="-34.9498240">
    <ele>15.0</ele>
    <time>2026-01-22T23:12:04Z</time>
   </trkpt>
   <trkpt lat="-8.0515700" lon="-34.9498160">
    <ele>15.0</ele>
    <time>2026-01-22T23:12:05Z</time>
   </trkpt>
   <trkpt lat="-8.0515630" lon="-34.9498100">
    <ele>15.0</ele>
    <time>2026-01-22T23:12:06Z</time>
   </trkpt>
   <trkpt lat="-8.0515590" lon="-34.9498020">
    <ele>15.0</ele>
    <time>2026-01-22T23:12:07Z</time>
   </trkpt>
   <trkpt lat="-8.0515570" lon="-34.9497940">
    <ele>15.0</ele>
    <time>2026-01-22T23:12:08Z</time>
   </trkpt>
   <trkpt lat="-8.0515580" lon="-34.9497870">
    <ele>15.0</ele>
    <time>2026-01-22T23:12:09Z</time>
   </trkpt>
   <trkpt lat="-8.0515580" lon="-34.9497790">
    <ele>15.0</ele>
    <time>2026-01-22T23:12:10Z</time>
   </trkpt>
   <trkpt lat="-8.0515570" lon="-34.9497700">
    <ele>15.0</ele>
    <time>2026-01-22T23:12:11Z</time>
   </trkpt>
   <trkpt lat="-8.0515560" lon="-34.9497590">
    <ele>15.0</ele>
    <time>2026-01-22T23:12:12Z</time>
   </trkpt>
   <trkpt lat="-8.0515580" lon="-34.9497500">
    <ele>15.0</ele>
    <time>2026-01-22T23:12:13Z</time>
   </trkpt>
   <trkpt lat="-8.0515600" lon="-34.9497390">
    <ele>15.0</ele>
    <time>2026-01-22T23:12:14Z</time>
   </trkpt>
   <trkpt lat="-8.0515620" lon="-34.9497280">
    <ele>15.0</ele>
    <time>2026-01-22T23:12:15Z</time>
   </trkpt>
   <trkpt lat="-8.0515680" lon="-34.9497140">
    <ele>15.0</ele>
    <time>2026-01-22T23:12:16Z</time>
   </trkpt>
   <trkpt lat="-8.0515740" lon="-34.9497020">
    <ele>15.0</ele>
    <time>2026-01-22T23:12:17Z</time>
   </trkpt>
   <trkpt lat="-8.0515810" lon="-34.9496900">
    <ele>15.0</ele>
    <time>2026-01-22T23:12:18Z</time>
   </trkpt>
   <trkpt lat="-8.0515870" lon="-34.9496780">
    <ele>14.9</ele>
    <time>2026-01-22T23:12:19Z</time>
   </trkpt>
   <trkpt lat="-8.0515920" lon="-34.9496650">
    <ele>14.9</ele>
    <time>2026-01-22T23:12:20Z</time>
   </trkpt>
   <trkpt lat="-8.0515960" lon="-34.9496560">
    <ele>14.9</ele>
    <time>2026-01-22T23:12:21Z</time>
   </trkpt>
   <trkpt lat="-8.0516000" lon="-34.9496500">
    <ele>14.9</ele>
    <time>2026-01-22T23:12:22Z</time>
   </trkpt>
   <trkpt lat="-8.0516030" lon="-34.9496430">
    <ele>14.9</ele>
    <time>2026-01-22T23:12:23Z</time>
   </trkpt>
   <trkpt lat="-8.0516080" lon="-34.9496370">
    <ele>14.9</ele>
    <time>2026-01-22T23:12:24Z</time>
   </trkpt>
   <trkpt lat="-8.0516220" lon="-34.9496210">
    <ele>14.9</ele>
    <time>2026-01-22T23:12:25Z</time>
   </trkpt>
   <trkpt lat="-8.0516290" lon="-34.9496120">
    <ele>14.9</ele>
    <time>2026-01-22T23:12:26Z</time>
   </trkpt>
   <trkpt lat="-8.0516350" lon="-34.9496020">
    <ele>14.9</ele>
    <time>2026-01-22T23:12:27Z</time>
   </trkpt>
   <trkpt lat="-8.0516390" lon="-34.9495910">
    <ele>14.9</ele>
    <time>2026-01-22T23:12:28Z</time>
   </trkpt>
   <trkpt lat="-8.0516420" lon="-34.9495800">
    <ele>14.9</ele>
    <time>2026-01-22T23:12:29Z</time>
   </trkpt>
   <trkpt lat="-8.0516450" lon="-34.9495590">
    <ele>14.9</ele>
    <time>2026-01-22T23:12:31Z</time>
   </trkpt>
   <trkpt lat="-8.0516450" lon="-34.9495470">
    <ele>14.9</ele>
    <time>2026-01-22T23:12:32Z</time>
   </trkpt>
   <trkpt lat="-8.0516470" lon="-34.9495360">
    <ele>14.9</ele>
    <time>2026-01-22T23:12:33Z</time>
   </trkpt>
   <trkpt lat="-8.0516510" lon="-34.9495250">
    <ele>14.9</ele>
    <time>2026-01-22T23:12:34Z</time>
   </trkpt>
   <trkpt lat="-8.0516550" lon="-34.9495100">
    <ele>14.9</ele>
    <time>2026-01-22T23:12:35Z</time>
   </trkpt>
   <trkpt lat="-8.0516570" lon="-34.9494980">
    <ele>14.9</ele>
    <time>2026-01-22T23:12:36Z</time>
   </trkpt>
   <trkpt lat="-8.0516590" lon="-34.9494880">
    <ele>14.9</ele>
    <time>2026-01-22T23:12:37Z</time>
   </trkpt>
   <trkpt lat="-8.0516610" lon="-34.9494770">
    <ele>14.9</ele>
    <time>2026-01-22T23:12:38Z</time>
   </trkpt>
   <trkpt lat="-8.0516600" lon="-34.9494660">
    <ele>14.9</ele>
    <time>2026-01-22T23:12:39Z</time>
   </trkpt>
   <trkpt lat="-8.0516580" lon="-34.9494320">
    <ele>15.0</ele>
    <time>2026-01-22T23:12:40Z</time>
   </trkpt>
   <trkpt lat="-8.0516570" lon="-34.9494250">
    <ele>15.0</ele>
    <time>2026-01-22T23:12:41Z</time>
   </trkpt>
   <trkpt lat="-8.0516560" lon="-34.9494040">
    <ele>15.0</ele>
    <time>2026-01-22T23:12:42Z</time>
   </trkpt>
   <trkpt lat="-8.0516570" lon="-34.9493960">
    <ele>15.0</ele>
    <time>2026-01-22T23:12:43Z</time>
   </trkpt>
   <trkpt lat="-8.0516570" lon="-34.9493890">
    <ele>15.0</ele>
    <time>2026-01-22T23:12:44Z</time>
   </trkpt>
   <trkpt lat="-8.0516570" lon="-34.9493780">
    <ele>15.0</ele>
    <time>2026-01-22T23:12:45Z</time>
   </trkpt>
   <trkpt lat="-8.0516580" lon="-34.9493690">
    <ele>15.0</ele>
    <time>2026-01-22T23:12:46Z</time>
   </trkpt>
   <trkpt lat="-8.0516590" lon="-34.9493580">
    <ele>15.0</ele>
    <time>2026-01-22T23:12:47Z</time>
   </trkpt>
   <trkpt lat="-8.0516600" lon="-34.9493460">
    <ele>15.0</ele>
    <time>2026-01-22T23:12:48Z</time>
   </trkpt>
   <trkpt lat="-8.0516610" lon="-34.9493340">
    <ele>15.0</ele>
    <time>2026-01-22T23:12:49Z</time>
   </trkpt>
   <trkpt lat="-8.0516620" lon="-34.9493220">
    <ele>15.0</ele>
    <time>2026-01-22T23:12:50Z</time>
   </trkpt>
   <trkpt lat="-8.0516620" lon="-34.9493060">
    <ele>15.0</ele>
    <time>2026-01-22T23:12:51Z</time>
   </trkpt>
   <trkpt lat="-8.0516620" lon="-34.9492950">
    <ele>15.0</ele>
    <time>2026-01-22T23:12:52Z</time>
   </trkpt>
   <trkpt lat="-8.0516610" lon="-34.9492800">
    <ele>15.0</ele>
    <time>2026-01-22T23:12:53Z</time>
   </trkpt>
   <trkpt lat="-8.0516610" lon="-34.9492670">
    <ele>15.0</ele>
    <time>2026-01-22T23:12:54Z</time>
   </trkpt>
   <trkpt lat="-8.0516640" lon="-34.9492540">
    <ele>15.0</ele>
    <time>2026-01-22T23:12:55Z</time>
   </trkpt>
   <trkpt lat="-8.0516660" lon="-34.9492400">
    <ele>15.0</ele>
    <time>2026-01-22T23:12:56Z</time>
   </trkpt>
   <trkpt lat="-8.0516680" lon="-34.9492260">
    <ele>15.0</ele>
    <time>2026-01-22T23:12:57Z</time>
   </trkpt>
   <trkpt lat="-8.0516670" lon="-34.9492120">
    <ele>15.0</ele>
    <time>2026-01-22T23:12:58Z</time>
   </trkpt>
   <trkpt lat="-8.0516640" lon="-34.9492000">
    <ele>15.0</ele>
    <time>2026-01-22T23:12:59Z</time>
   </trkpt>
   <trkpt lat="-8.0516620" lon="-34.9491880">
    <ele>15.0</ele>
    <time>2026-01-22T23:13:00Z</time>
   </trkpt>
   <trkpt lat="-8.0516620" lon="-34.9491770">
    <ele>15.0</ele>
    <time>2026-01-22T23:13:01Z</time>
   </trkpt>
   <trkpt lat="-8.0516620" lon="-34.9491670">
    <ele>15.0</ele>
    <time>2026-01-22T23:13:02Z</time>
   </trkpt>
   <trkpt lat="-8.0516640" lon="-34.9491560">
    <ele>15.0</ele>
    <time>2026-01-22T23:13:03Z</time>
   </trkpt>
   <trkpt lat="-8.0516690" lon="-34.9491450">
    <ele>15.0</ele>
    <time>2026-01-22T23:13:04Z</time>
   </trkpt>
   <trkpt lat="-8.0516750" lon="-34.9491300">
    <ele>15.0</ele>
    <time>2026-01-22T23:13:05Z</time>
   </trkpt>
   <trkpt lat="-8.0516760" lon="-34.9491230">
    <ele>15.0</ele>
    <time>2026-01-22T23:13:06Z</time>
   </trkpt>
   <trkpt lat="-8.0516770" lon="-34.9491150">
    <ele>15.0</ele>
    <time>2026-01-22T23:13:07Z</time>
   </trkpt>
   <trkpt lat="-8.0516780" lon="-34.9491080">
    <ele>15.0</ele>
    <time>2026-01-22T23:13:08Z</time>
   </trkpt>
   <trkpt lat="-8.0516780" lon="-34.9490960">
    <ele>15.0</ele>
    <time>2026-01-22T23:13:09Z</time>
   </trkpt>
   <trkpt lat="-8.0516770" lon="-34.9490860">
    <ele>15.1</ele>
    <time>2026-01-22T23:13:10Z</time>
   </trkpt>
   <trkpt lat="-8.0516770" lon="-34.9490750">
    <ele>15.1</ele>
    <time>2026-01-22T23:13:11Z</time>
   </trkpt>
   <trkpt lat="-8.0516810" lon="-34.9490670">
    <ele>15.1</ele>
    <time>2026-01-22T23:13:12Z</time>
   </trkpt>
   <trkpt lat="-8.0516850" lon="-34.9490570">
    <ele>15.1</ele>
    <time>2026-01-22T23:13:13Z</time>
   </trkpt>
   <trkpt lat="-8.0516890" lon="-34.9490460">
    <ele>15.1</ele>
    <time>2026-01-22T23:13:14Z</time>
   </trkpt>
   <trkpt lat="-8.0516930" lon="-34.9490260">
    <ele>15.1</ele>
    <time>2026-01-22T23:13:15Z</time>
   </trkpt>
   <trkpt lat="-8.0516930" lon="-34.9490170">
    <ele>15.1</ele>
    <time>2026-01-22T23:13:16Z</time>
   </trkpt>
   <trkpt lat="-8.0516940" lon="-34.9490090">
    <ele>15.1</ele>
    <time>2026-01-22T23:13:17Z</time>
   </trkpt>
   <trkpt lat="-8.0516900" lon="-34.9489940">
    <ele>15.1</ele>
    <time>2026-01-22T23:13:18Z</time>
   </trkpt>
   <trkpt lat="-8.0516830" lon="-34.9489790">
    <ele>15.1</ele>
    <time>2026-01-22T23:13:19Z</time>
   </trkpt>
   <trkpt lat="-8.0516740" lon="-34.9489670">
    <ele>15.1</ele>
    <time>2026-01-22T23:13:20Z</time>
   </trkpt>
   <trkpt lat="-8.0516570" lon="-34.9489620">
    <ele>15.1</ele>
    <time>2026-01-22T23:13:21Z</time>
   </trkpt>
   <trkpt lat="-8.0516470" lon="-34.9489530">
    <ele>15.1</ele>
    <time>2026-01-22T23:13:22Z</time>
   </trkpt>
   <trkpt lat="-8.0516450" lon="-34.9489350">
    <ele>15.1</ele>
    <time>2026-01-22T23:13:23Z</time>
   </trkpt>
   <trkpt lat="-8.0514990" lon="-34.9490280">
    <ele>17.4</ele>
    <time>2026-01-22T23:13:25Z</time>
   </trkpt>
   <trkpt lat="-8.0516330" lon="-34.9489650">
    <ele>16.5</ele>
    <time>2026-01-22T23:13:26Z</time>
   </trkpt>
   <trkpt lat="-8.0516660" lon="-34.9489330">
    <ele>16.2</ele>
    <time>2026-01-22T23:13:27Z</time>
   </trkpt>
   <trkpt lat="-8.0516840" lon="-34.9489000">
    <ele>16.0</ele>
    <time>2026-01-22T23:13:28Z</time>
   </trkpt>
   <trkpt lat="-8.0516930" lon="-34.9488690">
    <ele>15.8</ele>
    <time>2026-01-22T23:13:29Z</time>
   </trkpt>
   <trkpt lat="-8.0517010" lon="-34.9488530">
    <ele>15.7</ele>
    <time>2026-01-22T23:13:30Z</time>
   </trkpt>
   <trkpt lat="-8.0517070" lon="-34.9488440">
    <ele>15.7</ele>
    <time>2026-01-22T23:13:31Z</time>
   </trkpt>
   <trkpt lat="-8.0517120" lon="-34.9488350">
    <ele>15.6</ele>
    <time>2026-01-22T23:13:32Z</time>
   </trkpt>
  </trkseg>
 </trk>
</gpx>
